Smiles,Sequence,Affinity
CC1CN=C(N1)C2=CC=C(C=C2)NC3=NN=C(C4=CC=CC=C43)NC5=CC=C(C=C5)C6=NCC(N6)C,MNNQRKKARNTPFNMLKRERNRVSTVQQLTKRFSLGMLQGRGPLKLFMALVAFLRFLTIPPTAGILKRWGTIKKSKAINVLRGFRKEIGRMLNILNRRRRTAGMIIMLIPTVMAFHLTTRNGEPHMIVSRQEKGKSLLFKTEDGVNMCTLMAMDLGELCEDTITYKCPFLKQNEPEDIDCWCNSTSTWVTYGTCTTTGEHRREKRSVALVPHVGMGLETRTETWMSSEGAWKHAQRIETWILRHPGFTIMAAILAYTIGTTHFQRALIFILLTAVAPSMTMRCIGISNRDFVEGVSGGSWVDIVLEHGSCVTTMAKNKPTLDFELIETEAKQPATLRKYCIEAKLTNTTTDSRCPTQGEPSLNEEQDKRFVCKHSMVDRGWGNGCGLFGKGGIVTCAMFTCKKNMKGKVVQPENLEYTIVITPHSGEEHAVGNDTGKHGKEIKITPQSSITEAELTGYGTVTMECSPRTGLDFNEMVLLQMENKAWLVHRQWFLDLPLPWLPGADTQGSNWIQKETLVTFKNPHAKKQDVVVLGSQEGAMHTALTGATEIQMSSGNLLFTGHLKCRLRMDKLQLKGMSYSMCTGKFKVVKEIAETQHGTIVIRVQYEGDGSPCKIPFEIMDLEKRHVLGRLITVNPIVTEKDSPVNIEAEPPFGDSYIIIGVEPGQLKLNWFKKGSSIGQMIETTMRGAKRMAILGDTAWDFGSLGGVFTSIGKALHQVFGAIYGAAFSGVSWIMKILIGVIITWIGMNSRSTSLSVSLVLVGVVTLYLGVMVQADSGCVVSWKNKELKCGSGIFITDNVHTWTEQYKFQPESPSKLASAIQKAHEEGICGIRSVTRLENLMWKQITPELNHILSENEVKLTIMTGDIKGIMQAGKRSLQPQPTELKYSWKTWGKAKMLSTESHNQTFLIDGPETAECPNTNRAWNSLEVEDYGFGVFTTNIWLKLREKQDVFCDSKLMSAAIKDNRAVHADMGYWIESALNDTWKIEKASFIEVKSCHWPKSHTLWSNGVLESEMIIPKNFAGPVSQHNYRPGYHTQTAGPWHLGKLEMDFDFCEGTTVVVTEDCGNRGPSLRTTTASGKLITEWCCRSCTLPPLRYRGEDGCWYGMEIRPLKEKEENLVNSLVTAGHGQIDNFSLGVLGMALFLEEMLRTRVGTKHAILLVAVSFVTLITGNMSFRDLGRVMVMVGATMTDDIGMGVTYLALLAAFKVRPTFAAGLLLRKLTSKELMMTTIGIVLLSQSTIPETILELTDALALGMMVLKMVRKMEKYQLAVTIMAILCVPNAVILQNAWKVSCTILAVVSVSPLFLTSSQQKADWIPLALTIKGLNPTAIFLTTLSRTNKKRSWPLNEAIMAVGMVSILASSLLKNDIPMTGPLVAGGLLTVCYVLTGRSADLELERAADVKWEDQAEISGSSPILSITISEDGSMSIKNEEEEQTLTILIRTGLLVISGLFPVSIPITAAAWYLWEVKKQRAGVLWDVPSPPPVGKAELEDGAYRIKQKGILGYSQIGAGVYKEGTFHTMWHVTRGAVLMHKGKRIEPSWADVKKDLISYGGGWKLEGEWKEGEEVQVLALEPGKNPRAVQTKPGLFKTNAGTIGAVSLDFSPGTSGSPIIDKKGKVVGLYGNGVVTRSGAYVSAIAQTEKSIEDNPEIEDDIFRKRKLTIMDLHPGAGKTKRYLPAIVREAIKRGLRTLILAPTRVVAAEMEEALRGLPIRYQTPAIRAEHTGREIVDLMCHATFTMRLLSPVRVPNYNLIIMDEAHFTDPASIAARGYISTRVEMGEAAGIFMTATPPGSRDPFPQSNAPIMDEEREIPERSWSSGHEWVTDFKGKTVWFVPSIKAGNDIAACLRKNGKKVIQLSRKTFDSEYVKTRTNDWDFVVTTDISEMGANFKAERVIDPRRCMKPVILTDGEERVILAGPMPVTHSSAAQRRGRIGRNPKNENDQYIYMGEPLENDEDCAHWKEAKMLLDNINTPEGIIPSMFEPEREKVDAIDGEYRLRGEARKTFVDLMRRGDLPVWLAYRVAAEGINYADRRWCFDGIKNNQILEENVEVEIWTKEGERKKLKPRWLDAKIYSDPLALKEFKEFAAGRKSLTLNLITEMGRLPTFMTQKARDALDNLAVLHTAEAGGRAYNHALSELPETLETLLLLTLLATVTGGIFLFLMSGRGIGKMTLGMCCIITASILLWYAQIQPHWIAASIILEFFLIVLLIPEPEKQRTPQDNQLTYVVIAILTVVAATMANEMGFLEKTKKDLGLGSITTQQPESNILDIDLRPASAWTLYAVATTFVTPMLRHSIENSSVNVSLTAIANQATVLMGLGKGWPLSKMDIGVPLLAIGCYSQVNPITLTAALFLLVAHYAIIGPGLQAKATREAQKRAAAGIMKNPTVDGITVIDLDPIPYDPKFEKQLGQVMLLVLCVTQVLMMRTTWALCEALTLATGPISTLWEGNPGRFWNTTIAVSMANIFRGSYLAGAGLLFSIMKNTTNTRRGTGNIGETLGEKWKSRLNALGKSEFQIYKKSGIQEVDRTLAKEGIKRGETDHHAVSRGSAKLRWFVERNMVTPEGKVVDLGCGRGGWSYYCGGLKNVREVKGLTKGGPGHEEPIPMSTYGWNLVRLQSGVDVFFTPPEKCDTLLCDIGESSPNPTVEAGRTLRVLNLVENWLNNNTQFCIKVLNPYMPSVIEKMEALQRKYGGALVRNPLSRNSTHEMYWLSNASGNIVSSVNMISRMLINRFTMRHKKATYEPDVDLGSGTRNIGIESEIPNLDIIGKRIEKIKQEHETSWHYDQDHPYKTWAYHGSYETKQTGSASSMGNGVVRLLTKPWDVVPMVTQMAMTDTTPFGQQRVFKEKVDTRTQEPKEGTKKLMKITAEWLWKELGKKKTPRMCTREEFTRKVRSNAALGAIFTDENKWKSAREAVEDSRFWELVDKERNLHLEGKCETCVYNMMGKREKKLGEFGKAKGSRAIWYMWLGARFLEFEALGFLNEDHWFSRENSLSGVEGEGLHKLGYILRDVSKKEGGAMYADDTAGWDTRITLEDLKNEEMVTNHMEGEHKKLAEAIFKLTYQNKVVRVQRPTPRGTVMDIISRRDQRGSGQVGTYGLNTFTNMEAQLIRQMEGEGVFKSIQHLTVTEEIAVQNWLARVGRERLSRMAISGDDCVVKPLDDRFASALTALNDMGKVRKDIQQWEPSRGWNDWTQVPFCSHHFHELIMKDGRVLVVPCRNQDELIGRARISQGAGWSLRETACLGKSYAQMWSLMYFHRRDLRLAANAICSAVPSHWVPTSRTTWSIHAKHEWMTTEDMLTVWNRVWIQENPWMEDKTPVESWEEIPYLGKREDQWCGSLIGLTSRATWAKNIQTAINQVRSLIGNEEYTDYMPSMKRFRKEEEEAGVLW,-3.857332496
C1CCC2C(C1)NC(=N2)C3=CC=C(C=C3)NC4=NN=C(C5=CC=CC=C54)NC6=CC=C(C=C6)C7=NC8CCCCC8N7,MNNQRKKARNTPFNMLKRERNRVSTVQQLTKRFSLGMLQGRGPLKLFMALVAFLRFLTIPPTAGILKRWGTIKKSKAINVLRGFRKEIGRMLNILNRRRRTAGMIIMLIPTVMAFHLTTRNGEPHMIVSRQEKGKSLLFKTEDGVNMCTLMAMDLGELCEDTITYKCPFLKQNEPEDIDCWCNSTSTWVTYGTCTTTGEHRREKRSVALVPHVGMGLETRTETWMSSEGAWKHAQRIETWILRHPGFTIMAAILAYTIGTTHFQRALIFILLTAVAPSMTMRCIGISNRDFVEGVSGGSWVDIVLEHGSCVTTMAKNKPTLDFELIETEAKQPATLRKYCIEAKLTNTTTDSRCPTQGEPSLNEEQDKRFVCKHSMVDRGWGNGCGLFGKGGIVTCAMFTCKKNMKGKVVQPENLEYTIVITPHSGEEHAVGNDTGKHGKEIKITPQSSITEAELTGYGTVTMECSPRTGLDFNEMVLLQMENKAWLVHRQWFLDLPLPWLPGADTQGSNWIQKETLVTFKNPHAKKQDVVVLGSQEGAMHTALTGATEIQMSSGNLLFTGHLKCRLRMDKLQLKGMSYSMCTGKFKVVKEIAETQHGTIVIRVQYEGDGSPCKIPFEIMDLEKRHVLGRLITVNPIVTEKDSPVNIEAEPPFGDSYIIIGVEPGQLKLNWFKKGSSIGQMIETTMRGAKRMAILGDTAWDFGSLGGVFTSIGKALHQVFGAIYGAAFSGVSWIMKILIGVIITWIGMNSRSTSLSVSLVLVGVVTLYLGVMVQADSGCVVSWKNKELKCGSGIFITDNVHTWTEQYKFQPESPSKLASAIQKAHEEGICGIRSVTRLENLMWKQITPELNHILSENEVKLTIMTGDIKGIMQAGKRSLQPQPTELKYSWKTWGKAKMLSTESHNQTFLIDGPETAECPNTNRAWNSLEVEDYGFGVFTTNIWLKLREKQDVFCDSKLMSAAIKDNRAVHADMGYWIESALNDTWKIEKASFIEVKSCHWPKSHTLWSNGVLESEMIIPKNFAGPVSQHNYRPGYHTQTAGPWHLGKLEMDFDFCEGTTVVVTEDCGNRGPSLRTTTASGKLITEWCCRSCTLPPLRYRGEDGCWYGMEIRPLKEKEENLVNSLVTAGHGQIDNFSLGVLGMALFLEEMLRTRVGTKHAILLVAVSFVTLITGNMSFRDLGRVMVMVGATMTDDIGMGVTYLALLAAFKVRPTFAAGLLLRKLTSKELMMTTIGIVLLSQSTIPETILELTDALALGMMVLKMVRKMEKYQLAVTIMAILCVPNAVILQNAWKVSCTILAVVSVSPLFLTSSQQKADWIPLALTIKGLNPTAIFLTTLSRTNKKRSWPLNEAIMAVGMVSILASSLLKNDIPMTGPLVAGGLLTVCYVLTGRSADLELERAADVKWEDQAEISGSSPILSITISEDGSMSIKNEEEEQTLTILIRTGLLVISGLFPVSIPITAAAWYLWEVKKQRAGVLWDVPSPPPVGKAELEDGAYRIKQKGILGYSQIGAGVYKEGTFHTMWHVTRGAVLMHKGKRIEPSWADVKKDLISYGGGWKLEGEWKEGEEVQVLALEPGKNPRAVQTKPGLFKTNAGTIGAVSLDFSPGTSGSPIIDKKGKVVGLYGNGVVTRSGAYVSAIAQTEKSIEDNPEIEDDIFRKRKLTIMDLHPGAGKTKRYLPAIVREAIKRGLRTLILAPTRVVAAEMEEALRGLPIRYQTPAIRAEHTGREIVDLMCHATFTMRLLSPVRVPNYNLIIMDEAHFTDPASIAARGYISTRVEMGEAAGIFMTATPPGSRDPFPQSNAPIMDEEREIPERSWSSGHEWVTDFKGKTVWFVPSIKAGNDIAACLRKNGKKVIQLSRKTFDSEYVKTRTNDWDFVVTTDISEMGANFKAERVIDPRRCMKPVILTDGEERVILAGPMPVTHSSAAQRRGRIGRNPKNENDQYIYMGEPLENDEDCAHWKEAKMLLDNINTPEGIIPSMFEPEREKVDAIDGEYRLRGEARKTFVDLMRRGDLPVWLAYRVAAEGINYADRRWCFDGIKNNQILEENVEVEIWTKEGERKKLKPRWLDAKIYSDPLALKEFKEFAAGRKSLTLNLITEMGRLPTFMTQKARDALDNLAVLHTAEAGGRAYNHALSELPETLETLLLLTLLATVTGGIFLFLMSGRGIGKMTLGMCCIITASILLWYAQIQPHWIAASIILEFFLIVLLIPEPEKQRTPQDNQLTYVVIAILTVVAATMANEMGFLEKTKKDLGLGSITTQQPESNILDIDLRPASAWTLYAVATTFVTPMLRHSIENSSVNVSLTAIANQATVLMGLGKGWPLSKMDIGVPLLAIGCYSQVNPITLTAALFLLVAHYAIIGPGLQAKATREAQKRAAAGIMKNPTVDGITVIDLDPIPYDPKFEKQLGQVMLLVLCVTQVLMMRTTWALCEALTLATGPISTLWEGNPGRFWNTTIAVSMANIFRGSYLAGAGLLFSIMKNTTNTRRGTGNIGETLGEKWKSRLNALGKSEFQIYKKSGIQEVDRTLAKEGIKRGETDHHAVSRGSAKLRWFVERNMVTPEGKVVDLGCGRGGWSYYCGGLKNVREVKGLTKGGPGHEEPIPMSTYGWNLVRLQSGVDVFFTPPEKCDTLLCDIGESSPNPTVEAGRTLRVLNLVENWLNNNTQFCIKVLNPYMPSVIEKMEALQRKYGGALVRNPLSRNSTHEMYWLSNASGNIVSSVNMISRMLINRFTMRHKKATYEPDVDLGSGTRNIGIESEIPNLDIIGKRIEKIKQEHETSWHYDQDHPYKTWAYHGSYETKQTGSASSMGNGVVRLLTKPWDVVPMVTQMAMTDTTPFGQQRVFKEKVDTRTQEPKEGTKKLMKITAEWLWKELGKKKTPRMCTREEFTRKVRSNAALGAIFTDENKWKSAREAVEDSRFWELVDKERNLHLEGKCETCVYNMMGKREKKLGEFGKAKGSRAIWYMWLGARFLEFEALGFLNEDHWFSRENSLSGVEGEGLHKLGYILRDVSKKEGGAMYADDTAGWDTRITLEDLKNEEMVTNHMEGEHKKLAEAIFKLTYQNKVVRVQRPTPRGTVMDIISRRDQRGSGQVGTYGLNTFTNMEAQLIRQMEGEGVFKSIQHLTVTEEIAVQNWLARVGRERLSRMAISGDDCVVKPLDDRFASALTALNDMGKVRKDIQQWEPSRGWNDWTQVPFCSHHFHELIMKDGRVLVVPCRNQDELIGRARISQGAGWSLRETACLGKSYAQMWSLMYFHRRDLRLAANAICSAVPSHWVPTSRTTWSIHAKHEWMTTEDMLTVWNRVWIQENPWMEDKTPVESWEEIPYLGKREDQWCGSLIGLTSRATWAKNIQTAINQVRSLIGNEEYTDYMPSMKRFRKEEEEAGVLW,-3.886490725
C1CNCC2=C1C=CC(=C2)NC3=NN=C(C4=CC=CC=C43)NC5=CC=C(C=C5)C6=NCCN6,MNNQRKKARNTPFNMLKRERNRVSTVQQLTKRFSLGMLQGRGPLKLFMALVAFLRFLTIPPTAGILKRWGTIKKSKAINVLRGFRKEIGRMLNILNRRRRTAGMIIMLIPTVMAFHLTTRNGEPHMIVSRQEKGKSLLFKTEDGVNMCTLMAMDLGELCEDTITYKCPFLKQNEPEDIDCWCNSTSTWVTYGTCTTTGEHRREKRSVALVPHVGMGLETRTETWMSSEGAWKHAQRIETWILRHPGFTIMAAILAYTIGTTHFQRALIFILLTAVAPSMTMRCIGISNRDFVEGVSGGSWVDIVLEHGSCVTTMAKNKPTLDFELIETEAKQPATLRKYCIEAKLTNTTTDSRCPTQGEPSLNEEQDKRFVCKHSMVDRGWGNGCGLFGKGGIVTCAMFTCKKNMKGKVVQPENLEYTIVITPHSGEEHAVGNDTGKHGKEIKITPQSSITEAELTGYGTVTMECSPRTGLDFNEMVLLQMENKAWLVHRQWFLDLPLPWLPGADTQGSNWIQKETLVTFKNPHAKKQDVVVLGSQEGAMHTALTGATEIQMSSGNLLFTGHLKCRLRMDKLQLKGMSYSMCTGKFKVVKEIAETQHGTIVIRVQYEGDGSPCKIPFEIMDLEKRHVLGRLITVNPIVTEKDSPVNIEAEPPFGDSYIIIGVEPGQLKLNWFKKGSSIGQMIETTMRGAKRMAILGDTAWDFGSLGGVFTSIGKALHQVFGAIYGAAFSGVSWIMKILIGVIITWIGMNSRSTSLSVSLVLVGVVTLYLGVMVQADSGCVVSWKNKELKCGSGIFITDNVHTWTEQYKFQPESPSKLASAIQKAHEEGICGIRSVTRLENLMWKQITPELNHILSENEVKLTIMTGDIKGIMQAGKRSLQPQPTELKYSWKTWGKAKMLSTESHNQTFLIDGPETAECPNTNRAWNSLEVEDYGFGVFTTNIWLKLREKQDVFCDSKLMSAAIKDNRAVHADMGYWIESALNDTWKIEKASFIEVKSCHWPKSHTLWSNGVLESEMIIPKNFAGPVSQHNYRPGYHTQTAGPWHLGKLEMDFDFCEGTTVVVTEDCGNRGPSLRTTTASGKLITEWCCRSCTLPPLRYRGEDGCWYGMEIRPLKEKEENLVNSLVTAGHGQIDNFSLGVLGMALFLEEMLRTRVGTKHAILLVAVSFVTLITGNMSFRDLGRVMVMVGATMTDDIGMGVTYLALLAAFKVRPTFAAGLLLRKLTSKELMMTTIGIVLLSQSTIPETILELTDALALGMMVLKMVRKMEKYQLAVTIMAILCVPNAVILQNAWKVSCTILAVVSVSPLFLTSSQQKADWIPLALTIKGLNPTAIFLTTLSRTNKKRSWPLNEAIMAVGMVSILASSLLKNDIPMTGPLVAGGLLTVCYVLTGRSADLELERAADVKWEDQAEISGSSPILSITISEDGSMSIKNEEEEQTLTILIRTGLLVISGLFPVSIPITAAAWYLWEVKKQRAGVLWDVPSPPPVGKAELEDGAYRIKQKGILGYSQIGAGVYKEGTFHTMWHVTRGAVLMHKGKRIEPSWADVKKDLISYGGGWKLEGEWKEGEEVQVLALEPGKNPRAVQTKPGLFKTNAGTIGAVSLDFSPGTSGSPIIDKKGKVVGLYGNGVVTRSGAYVSAIAQTEKSIEDNPEIEDDIFRKRKLTIMDLHPGAGKTKRYLPAIVREAIKRGLRTLILAPTRVVAAEMEEALRGLPIRYQTPAIRAEHTGREIVDLMCHATFTMRLLSPVRVPNYNLIIMDEAHFTDPASIAARGYISTRVEMGEAAGIFMTATPPGSRDPFPQSNAPIMDEEREIPERSWSSGHEWVTDFKGKTVWFVPSIKAGNDIAACLRKNGKKVIQLSRKTFDSEYVKTRTNDWDFVVTTDISEMGANFKAERVIDPRRCMKPVILTDGEERVILAGPMPVTHSSAAQRRGRIGRNPKNENDQYIYMGEPLENDEDCAHWKEAKMLLDNINTPEGIIPSMFEPEREKVDAIDGEYRLRGEARKTFVDLMRRGDLPVWLAYRVAAEGINYADRRWCFDGIKNNQILEENVEVEIWTKEGERKKLKPRWLDAKIYSDPLALKEFKEFAAGRKSLTLNLITEMGRLPTFMTQKARDALDNLAVLHTAEAGGRAYNHALSELPETLETLLLLTLLATVTGGIFLFLMSGRGIGKMTLGMCCIITASILLWYAQIQPHWIAASIILEFFLIVLLIPEPEKQRTPQDNQLTYVVIAILTVVAATMANEMGFLEKTKKDLGLGSITTQQPESNILDIDLRPASAWTLYAVATTFVTPMLRHSIENSSVNVSLTAIANQATVLMGLGKGWPLSKMDIGVPLLAIGCYSQVNPITLTAALFLLVAHYAIIGPGLQAKATREAQKRAAAGIMKNPTVDGITVIDLDPIPYDPKFEKQLGQVMLLVLCVTQVLMMRTTWALCEALTLATGPISTLWEGNPGRFWNTTIAVSMANIFRGSYLAGAGLLFSIMKNTTNTRRGTGNIGETLGEKWKSRLNALGKSEFQIYKKSGIQEVDRTLAKEGIKRGETDHHAVSRGSAKLRWFVERNMVTPEGKVVDLGCGRGGWSYYCGGLKNVREVKGLTKGGPGHEEPIPMSTYGWNLVRLQSGVDVFFTPPEKCDTLLCDIGESSPNPTVEAGRTLRVLNLVENWLNNNTQFCIKVLNPYMPSVIEKMEALQRKYGGALVRNPLSRNSTHEMYWLSNASGNIVSSVNMISRMLINRFTMRHKKATYEPDVDLGSGTRNIGIESEIPNLDIIGKRIEKIKQEHETSWHYDQDHPYKTWAYHGSYETKQTGSASSMGNGVVRLLTKPWDVVPMVTQMAMTDTTPFGQQRVFKEKVDTRTQEPKEGTKKLMKITAEWLWKELGKKKTPRMCTREEFTRKVRSNAALGAIFTDENKWKSAREAVEDSRFWELVDKERNLHLEGKCETCVYNMMGKREKKLGEFGKAKGSRAIWYMWLGARFLEFEALGFLNEDHWFSRENSLSGVEGEGLHKLGYILRDVSKKEGGAMYADDTAGWDTRITLEDLKNEEMVTNHMEGEHKKLAEAIFKLTYQNKVVRVQRPTPRGTVMDIISRRDQRGSGQVGTYGLNTFTNMEAQLIRQMEGEGVFKSIQHLTVTEEIAVQNWLARVGRERLSRMAISGDDCVVKPLDDRFASALTALNDMGKVRKDIQQWEPSRGWNDWTQVPFCSHHFHELIMKDGRVLVVPCRNQDELIGRARISQGAGWSLRETACLGKSYAQMWSLMYFHRRDLRLAANAICSAVPSHWVPTSRTTWSIHAKHEWMTTEDMLTVWNRVWIQENPWMEDKTPVESWEEIPYLGKREDQWCGSLIGLTSRATWAKNIQTAINQVRSLIGNEEYTDYMPSMKRFRKEEEEAGVLW,-4.359835482
C1CN=C(N1)C2=CC=C(C=C2)NC3=NN=C(C4=CC=CC=C43)NC5=CC=C(C=C5)CN,MNNQRKKARNTPFNMLKRERNRVSTVQQLTKRFSLGMLQGRGPLKLFMALVAFLRFLTIPPTAGILKRWGTIKKSKAINVLRGFRKEIGRMLNILNRRRRTAGMIIMLIPTVMAFHLTTRNGEPHMIVSRQEKGKSLLFKTEDGVNMCTLMAMDLGELCEDTITYKCPFLKQNEPEDIDCWCNSTSTWVTYGTCTTTGEHRREKRSVALVPHVGMGLETRTETWMSSEGAWKHAQRIETWILRHPGFTIMAAILAYTIGTTHFQRALIFILLTAVAPSMTMRCIGISNRDFVEGVSGGSWVDIVLEHGSCVTTMAKNKPTLDFELIETEAKQPATLRKYCIEAKLTNTTTDSRCPTQGEPSLNEEQDKRFVCKHSMVDRGWGNGCGLFGKGGIVTCAMFTCKKNMKGKVVQPENLEYTIVITPHSGEEHAVGNDTGKHGKEIKITPQSSITEAELTGYGTVTMECSPRTGLDFNEMVLLQMENKAWLVHRQWFLDLPLPWLPGADTQGSNWIQKETLVTFKNPHAKKQDVVVLGSQEGAMHTALTGATEIQMSSGNLLFTGHLKCRLRMDKLQLKGMSYSMCTGKFKVVKEIAETQHGTIVIRVQYEGDGSPCKIPFEIMDLEKRHVLGRLITVNPIVTEKDSPVNIEAEPPFGDSYIIIGVEPGQLKLNWFKKGSSIGQMIETTMRGAKRMAILGDTAWDFGSLGGVFTSIGKALHQVFGAIYGAAFSGVSWIMKILIGVIITWIGMNSRSTSLSVSLVLVGVVTLYLGVMVQADSGCVVSWKNKELKCGSGIFITDNVHTWTEQYKFQPESPSKLASAIQKAHEEGICGIRSVTRLENLMWKQITPELNHILSENEVKLTIMTGDIKGIMQAGKRSLQPQPTELKYSWKTWGKAKMLSTESHNQTFLIDGPETAECPNTNRAWNSLEVEDYGFGVFTTNIWLKLREKQDVFCDSKLMSAAIKDNRAVHADMGYWIESALNDTWKIEKASFIEVKSCHWPKSHTLWSNGVLESEMIIPKNFAGPVSQHNYRPGYHTQTAGPWHLGKLEMDFDFCEGTTVVVTEDCGNRGPSLRTTTASGKLITEWCCRSCTLPPLRYRGEDGCWYGMEIRPLKEKEENLVNSLVTAGHGQIDNFSLGVLGMALFLEEMLRTRVGTKHAILLVAVSFVTLITGNMSFRDLGRVMVMVGATMTDDIGMGVTYLALLAAFKVRPTFAAGLLLRKLTSKELMMTTIGIVLLSQSTIPETILELTDALALGMMVLKMVRKMEKYQLAVTIMAILCVPNAVILQNAWKVSCTILAVVSVSPLFLTSSQQKADWIPLALTIKGLNPTAIFLTTLSRTNKKRSWPLNEAIMAVGMVSILASSLLKNDIPMTGPLVAGGLLTVCYVLTGRSADLELERAADVKWEDQAEISGSSPILSITISEDGSMSIKNEEEEQTLTILIRTGLLVISGLFPVSIPITAAAWYLWEVKKQRAGVLWDVPSPPPVGKAELEDGAYRIKQKGILGYSQIGAGVYKEGTFHTMWHVTRGAVLMHKGKRIEPSWADVKKDLISYGGGWKLEGEWKEGEEVQVLALEPGKNPRAVQTKPGLFKTNAGTIGAVSLDFSPGTSGSPIIDKKGKVVGLYGNGVVTRSGAYVSAIAQTEKSIEDNPEIEDDIFRKRKLTIMDLHPGAGKTKRYLPAIVREAIKRGLRTLILAPTRVVAAEMEEALRGLPIRYQTPAIRAEHTGREIVDLMCHATFTMRLLSPVRVPNYNLIIMDEAHFTDPASIAARGYISTRVEMGEAAGIFMTATPPGSRDPFPQSNAPIMDEEREIPERSWSSGHEWVTDFKGKTVWFVPSIKAGNDIAACLRKNGKKVIQLSRKTFDSEYVKTRTNDWDFVVTTDISEMGANFKAERVIDPRRCMKPVILTDGEERVILAGPMPVTHSSAAQRRGRIGRNPKNENDQYIYMGEPLENDEDCAHWKEAKMLLDNINTPEGIIPSMFEPEREKVDAIDGEYRLRGEARKTFVDLMRRGDLPVWLAYRVAAEGINYADRRWCFDGIKNNQILEENVEVEIWTKEGERKKLKPRWLDAKIYSDPLALKEFKEFAAGRKSLTLNLITEMGRLPTFMTQKARDALDNLAVLHTAEAGGRAYNHALSELPETLETLLLLTLLATVTGGIFLFLMSGRGIGKMTLGMCCIITASILLWYAQIQPHWIAASIILEFFLIVLLIPEPEKQRTPQDNQLTYVVIAILTVVAATMANEMGFLEKTKKDLGLGSITTQQPESNILDIDLRPASAWTLYAVATTFVTPMLRHSIENSSVNVSLTAIANQATVLMGLGKGWPLSKMDIGVPLLAIGCYSQVNPITLTAALFLLVAHYAIIGPGLQAKATREAQKRAAAGIMKNPTVDGITVIDLDPIPYDPKFEKQLGQVMLLVLCVTQVLMMRTTWALCEALTLATGPISTLWEGNPGRFWNTTIAVSMANIFRGSYLAGAGLLFSIMKNTTNTRRGTGNIGETLGEKWKSRLNALGKSEFQIYKKSGIQEVDRTLAKEGIKRGETDHHAVSRGSAKLRWFVERNMVTPEGKVVDLGCGRGGWSYYCGGLKNVREVKGLTKGGPGHEEPIPMSTYGWNLVRLQSGVDVFFTPPEKCDTLLCDIGESSPNPTVEAGRTLRVLNLVENWLNNNTQFCIKVLNPYMPSVIEKMEALQRKYGGALVRNPLSRNSTHEMYWLSNASGNIVSSVNMISRMLINRFTMRHKKATYEPDVDLGSGTRNIGIESEIPNLDIIGKRIEKIKQEHETSWHYDQDHPYKTWAYHGSYETKQTGSASSMGNGVVRLLTKPWDVVPMVTQMAMTDTTPFGQQRVFKEKVDTRTQEPKEGTKKLMKITAEWLWKELGKKKTPRMCTREEFTRKVRSNAALGAIFTDENKWKSAREAVEDSRFWELVDKERNLHLEGKCETCVYNMMGKREKKLGEFGKAKGSRAIWYMWLGARFLEFEALGFLNEDHWFSRENSLSGVEGEGLHKLGYILRDVSKKEGGAMYADDTAGWDTRITLEDLKNEEMVTNHMEGEHKKLAEAIFKLTYQNKVVRVQRPTPRGTVMDIISRRDQRGSGQVGTYGLNTFTNMEAQLIRQMEGEGVFKSIQHLTVTEEIAVQNWLARVGRERLSRMAISGDDCVVKPLDDRFASALTALNDMGKVRKDIQQWEPSRGWNDWTQVPFCSHHFHELIMKDGRVLVVPCRNQDELIGRARISQGAGWSLRETACLGKSYAQMWSLMYFHRRDLRLAANAICSAVPSHWVPTSRTTWSIHAKHEWMTTEDMLTVWNRVWIQENPWMEDKTPVESWEEIPYLGKREDQWCGSLIGLTSRATWAKNIQTAINQVRSLIGNEEYTDYMPSMKRFRKEEEEAGVLW,-4.269512944
C1CNCC2=C1C=C(C=C2)NC3=NN=C(C4=CC=CC=C43)NC5=CC=C(C=C5)C6=NCCN6,MNNQRKKARNTPFNMLKRERNRVSTVQQLTKRFSLGMLQGRGPLKLFMALVAFLRFLTIPPTAGILKRWGTIKKSKAINVLRGFRKEIGRMLNILNRRRRTAGMIIMLIPTVMAFHLTTRNGEPHMIVSRQEKGKSLLFKTEDGVNMCTLMAMDLGELCEDTITYKCPFLKQNEPEDIDCWCNSTSTWVTYGTCTTTGEHRREKRSVALVPHVGMGLETRTETWMSSEGAWKHAQRIETWILRHPGFTIMAAILAYTIGTTHFQRALIFILLTAVAPSMTMRCIGISNRDFVEGVSGGSWVDIVLEHGSCVTTMAKNKPTLDFELIETEAKQPATLRKYCIEAKLTNTTTDSRCPTQGEPSLNEEQDKRFVCKHSMVDRGWGNGCGLFGKGGIVTCAMFTCKKNMKGKVVQPENLEYTIVITPHSGEEHAVGNDTGKHGKEIKITPQSSITEAELTGYGTVTMECSPRTGLDFNEMVLLQMENKAWLVHRQWFLDLPLPWLPGADTQGSNWIQKETLVTFKNPHAKKQDVVVLGSQEGAMHTALTGATEIQMSSGNLLFTGHLKCRLRMDKLQLKGMSYSMCTGKFKVVKEIAETQHGTIVIRVQYEGDGSPCKIPFEIMDLEKRHVLGRLITVNPIVTEKDSPVNIEAEPPFGDSYIIIGVEPGQLKLNWFKKGSSIGQMIETTMRGAKRMAILGDTAWDFGSLGGVFTSIGKALHQVFGAIYGAAFSGVSWIMKILIGVIITWIGMNSRSTSLSVSLVLVGVVTLYLGVMVQADSGCVVSWKNKELKCGSGIFITDNVHTWTEQYKFQPESPSKLASAIQKAHEEGICGIRSVTRLENLMWKQITPELNHILSENEVKLTIMTGDIKGIMQAGKRSLQPQPTELKYSWKTWGKAKMLSTESHNQTFLIDGPETAECPNTNRAWNSLEVEDYGFGVFTTNIWLKLREKQDVFCDSKLMSAAIKDNRAVHADMGYWIESALNDTWKIEKASFIEVKSCHWPKSHTLWSNGVLESEMIIPKNFAGPVSQHNYRPGYHTQTAGPWHLGKLEMDFDFCEGTTVVVTEDCGNRGPSLRTTTASGKLITEWCCRSCTLPPLRYRGEDGCWYGMEIRPLKEKEENLVNSLVTAGHGQIDNFSLGVLGMALFLEEMLRTRVGTKHAILLVAVSFVTLITGNMSFRDLGRVMVMVGATMTDDIGMGVTYLALLAAFKVRPTFAAGLLLRKLTSKELMMTTIGIVLLSQSTIPETILELTDALALGMMVLKMVRKMEKYQLAVTIMAILCVPNAVILQNAWKVSCTILAVVSVSPLFLTSSQQKADWIPLALTIKGLNPTAIFLTTLSRTNKKRSWPLNEAIMAVGMVSILASSLLKNDIPMTGPLVAGGLLTVCYVLTGRSADLELERAADVKWEDQAEISGSSPILSITISEDGSMSIKNEEEEQTLTILIRTGLLVISGLFPVSIPITAAAWYLWEVKKQRAGVLWDVPSPPPVGKAELEDGAYRIKQKGILGYSQIGAGVYKEGTFHTMWHVTRGAVLMHKGKRIEPSWADVKKDLISYGGGWKLEGEWKEGEEVQVLALEPGKNPRAVQTKPGLFKTNAGTIGAVSLDFSPGTSGSPIIDKKGKVVGLYGNGVVTRSGAYVSAIAQTEKSIEDNPEIEDDIFRKRKLTIMDLHPGAGKTKRYLPAIVREAIKRGLRTLILAPTRVVAAEMEEALRGLPIRYQTPAIRAEHTGREIVDLMCHATFTMRLLSPVRVPNYNLIIMDEAHFTDPASIAARGYISTRVEMGEAAGIFMTATPPGSRDPFPQSNAPIMDEEREIPERSWSSGHEWVTDFKGKTVWFVPSIKAGNDIAACLRKNGKKVIQLSRKTFDSEYVKTRTNDWDFVVTTDISEMGANFKAERVIDPRRCMKPVILTDGEERVILAGPMPVTHSSAAQRRGRIGRNPKNENDQYIYMGEPLENDEDCAHWKEAKMLLDNINTPEGIIPSMFEPEREKVDAIDGEYRLRGEARKTFVDLMRRGDLPVWLAYRVAAEGINYADRRWCFDGIKNNQILEENVEVEIWTKEGERKKLKPRWLDAKIYSDPLALKEFKEFAAGRKSLTLNLITEMGRLPTFMTQKARDALDNLAVLHTAEAGGRAYNHALSELPETLETLLLLTLLATVTGGIFLFLMSGRGIGKMTLGMCCIITASILLWYAQIQPHWIAASIILEFFLIVLLIPEPEKQRTPQDNQLTYVVIAILTVVAATMANEMGFLEKTKKDLGLGSITTQQPESNILDIDLRPASAWTLYAVATTFVTPMLRHSIENSSVNVSLTAIANQATVLMGLGKGWPLSKMDIGVPLLAIGCYSQVNPITLTAALFLLVAHYAIIGPGLQAKATREAQKRAAAGIMKNPTVDGITVIDLDPIPYDPKFEKQLGQVMLLVLCVTQVLMMRTTWALCEALTLATGPISTLWEGNPGRFWNTTIAVSMANIFRGSYLAGAGLLFSIMKNTTNTRRGTGNIGETLGEKWKSRLNALGKSEFQIYKKSGIQEVDRTLAKEGIKRGETDHHAVSRGSAKLRWFVERNMVTPEGKVVDLGCGRGGWSYYCGGLKNVREVKGLTKGGPGHEEPIPMSTYGWNLVRLQSGVDVFFTPPEKCDTLLCDIGESSPNPTVEAGRTLRVLNLVENWLNNNTQFCIKVLNPYMPSVIEKMEALQRKYGGALVRNPLSRNSTHEMYWLSNASGNIVSSVNMISRMLINRFTMRHKKATYEPDVDLGSGTRNIGIESEIPNLDIIGKRIEKIKQEHETSWHYDQDHPYKTWAYHGSYETKQTGSASSMGNGVVRLLTKPWDVVPMVTQMAMTDTTPFGQQRVFKEKVDTRTQEPKEGTKKLMKITAEWLWKELGKKKTPRMCTREEFTRKVRSNAALGAIFTDENKWKSAREAVEDSRFWELVDKERNLHLEGKCETCVYNMMGKREKKLGEFGKAKGSRAIWYMWLGARFLEFEALGFLNEDHWFSRENSLSGVEGEGLHKLGYILRDVSKKEGGAMYADDTAGWDTRITLEDLKNEEMVTNHMEGEHKKLAEAIFKLTYQNKVVRVQRPTPRGTVMDIISRRDQRGSGQVGTYGLNTFTNMEAQLIRQMEGEGVFKSIQHLTVTEEIAVQNWLARVGRERLSRMAISGDDCVVKPLDDRFASALTALNDMGKVRKDIQQWEPSRGWNDWTQVPFCSHHFHELIMKDGRVLVVPCRNQDELIGRARISQGAGWSLRETACLGKSYAQMWSLMYFHRRDLRLAANAICSAVPSHWVPTSRTTWSIHAKHEWMTTEDMLTVWNRVWIQENPWMEDKTPVESWEEIPYLGKREDQWCGSLIGLTSRATWAKNIQTAINQVRSLIGNEEYTDYMPSMKRFRKEEEEAGVLW,-4.73239376
C1CN=C(N1)C2=CC=C(C=C2)NC3=NN=C(C4=CC=CC=C43)NC5=CC=C(C=C5)C6=NCCN6,MNNQRKKARNTPFNMLKRERNRVSTVQQLTKRFSLGMLQGRGPLKLFMALVAFLRFLTIPPTAGILKRWGTIKKSKAINVLRGFRKEIGRMLNILNRRRRTAGMIIMLIPTVMAFHLTTRNGEPHMIVSRQEKGKSLLFKTEDGVNMCTLMAMDLGELCEDTITYKCPFLKQNEPEDIDCWCNSTSTWVTYGTCTTTGEHRREKRSVALVPHVGMGLETRTETWMSSEGAWKHAQRIETWILRHPGFTIMAAILAYTIGTTHFQRALIFILLTAVAPSMTMRCIGISNRDFVEGVSGGSWVDIVLEHGSCVTTMAKNKPTLDFELIETEAKQPATLRKYCIEAKLTNTTTDSRCPTQGEPSLNEEQDKRFVCKHSMVDRGWGNGCGLFGKGGIVTCAMFTCKKNMKGKVVQPENLEYTIVITPHSGEEHAVGNDTGKHGKEIKITPQSSITEAELTGYGTVTMECSPRTGLDFNEMVLLQMENKAWLVHRQWFLDLPLPWLPGADTQGSNWIQKETLVTFKNPHAKKQDVVVLGSQEGAMHTALTGATEIQMSSGNLLFTGHLKCRLRMDKLQLKGMSYSMCTGKFKVVKEIAETQHGTIVIRVQYEGDGSPCKIPFEIMDLEKRHVLGRLITVNPIVTEKDSPVNIEAEPPFGDSYIIIGVEPGQLKLNWFKKGSSIGQMIETTMRGAKRMAILGDTAWDFGSLGGVFTSIGKALHQVFGAIYGAAFSGVSWIMKILIGVIITWIGMNSRSTSLSVSLVLVGVVTLYLGVMVQADSGCVVSWKNKELKCGSGIFITDNVHTWTEQYKFQPESPSKLASAIQKAHEEGICGIRSVTRLENLMWKQITPELNHILSENEVKLTIMTGDIKGIMQAGKRSLQPQPTELKYSWKTWGKAKMLSTESHNQTFLIDGPETAECPNTNRAWNSLEVEDYGFGVFTTNIWLKLREKQDVFCDSKLMSAAIKDNRAVHADMGYWIESALNDTWKIEKASFIEVKSCHWPKSHTLWSNGVLESEMIIPKNFAGPVSQHNYRPGYHTQTAGPWHLGKLEMDFDFCEGTTVVVTEDCGNRGPSLRTTTASGKLITEWCCRSCTLPPLRYRGEDGCWYGMEIRPLKEKEENLVNSLVTAGHGQIDNFSLGVLGMALFLEEMLRTRVGTKHAILLVAVSFVTLITGNMSFRDLGRVMVMVGATMTDDIGMGVTYLALLAAFKVRPTFAAGLLLRKLTSKELMMTTIGIVLLSQSTIPETILELTDALALGMMVLKMVRKMEKYQLAVTIMAILCVPNAVILQNAWKVSCTILAVVSVSPLFLTSSQQKADWIPLALTIKGLNPTAIFLTTLSRTNKKRSWPLNEAIMAVGMVSILASSLLKNDIPMTGPLVAGGLLTVCYVLTGRSADLELERAADVKWEDQAEISGSSPILSITISEDGSMSIKNEEEEQTLTILIRTGLLVISGLFPVSIPITAAAWYLWEVKKQRAGVLWDVPSPPPVGKAELEDGAYRIKQKGILGYSQIGAGVYKEGTFHTMWHVTRGAVLMHKGKRIEPSWADVKKDLISYGGGWKLEGEWKEGEEVQVLALEPGKNPRAVQTKPGLFKTNAGTIGAVSLDFSPGTSGSPIIDKKGKVVGLYGNGVVTRSGAYVSAIAQTEKSIEDNPEIEDDIFRKRKLTIMDLHPGAGKTKRYLPAIVREAIKRGLRTLILAPTRVVAAEMEEALRGLPIRYQTPAIRAEHTGREIVDLMCHATFTMRLLSPVRVPNYNLIIMDEAHFTDPASIAARGYISTRVEMGEAAGIFMTATPPGSRDPFPQSNAPIMDEEREIPERSWSSGHEWVTDFKGKTVWFVPSIKAGNDIAACLRKNGKKVIQLSRKTFDSEYVKTRTNDWDFVVTTDISEMGANFKAERVIDPRRCMKPVILTDGEERVILAGPMPVTHSSAAQRRGRIGRNPKNENDQYIYMGEPLENDEDCAHWKEAKMLLDNINTPEGIIPSMFEPEREKVDAIDGEYRLRGEARKTFVDLMRRGDLPVWLAYRVAAEGINYADRRWCFDGIKNNQILEENVEVEIWTKEGERKKLKPRWLDAKIYSDPLALKEFKEFAAGRKSLTLNLITEMGRLPTFMTQKARDALDNLAVLHTAEAGGRAYNHALSELPETLETLLLLTLLATVTGGIFLFLMSGRGIGKMTLGMCCIITASILLWYAQIQPHWIAASIILEFFLIVLLIPEPEKQRTPQDNQLTYVVIAILTVVAATMANEMGFLEKTKKDLGLGSITTQQPESNILDIDLRPASAWTLYAVATTFVTPMLRHSIENSSVNVSLTAIANQATVLMGLGKGWPLSKMDIGVPLLAIGCYSQVNPITLTAALFLLVAHYAIIGPGLQAKATREAQKRAAAGIMKNPTVDGITVIDLDPIPYDPKFEKQLGQVMLLVLCVTQVLMMRTTWALCEALTLATGPISTLWEGNPGRFWNTTIAVSMANIFRGSYLAGAGLLFSIMKNTTNTRRGTGNIGETLGEKWKSRLNALGKSEFQIYKKSGIQEVDRTLAKEGIKRGETDHHAVSRGSAKLRWFVERNMVTPEGKVVDLGCGRGGWSYYCGGLKNVREVKGLTKGGPGHEEPIPMSTYGWNLVRLQSGVDVFFTPPEKCDTLLCDIGESSPNPTVEAGRTLRVLNLVENWLNNNTQFCIKVLNPYMPSVIEKMEALQRKYGGALVRNPLSRNSTHEMYWLSNASGNIVSSVNMISRMLINRFTMRHKKATYEPDVDLGSGTRNIGIESEIPNLDIIGKRIEKIKQEHETSWHYDQDHPYKTWAYHGSYETKQTGSASSMGNGVVRLLTKPWDVVPMVTQMAMTDTTPFGQQRVFKEKVDTRTQEPKEGTKKLMKITAEWLWKELGKKKTPRMCTREEFTRKVRSNAALGAIFTDENKWKSAREAVEDSRFWELVDKERNLHLEGKCETCVYNMMGKREKKLGEFGKAKGSRAIWYMWLGARFLEFEALGFLNEDHWFSRENSLSGVEGEGLHKLGYILRDVSKKEGGAMYADDTAGWDTRITLEDLKNEEMVTNHMEGEHKKLAEAIFKLTYQNKVVRVQRPTPRGTVMDIISRRDQRGSGQVGTYGLNTFTNMEAQLIRQMEGEGVFKSIQHLTVTEEIAVQNWLARVGRERLSRMAISGDDCVVKPLDDRFASALTALNDMGKVRKDIQQWEPSRGWNDWTQVPFCSHHFHELIMKDGRVLVVPCRNQDELIGRARISQGAGWSLRETACLGKSYAQMWSLMYFHRRDLRLAANAICSAVPSHWVPTSRTTWSIHAKHEWMTTEDMLTVWNRVWIQENPWMEDKTPVESWEEIPYLGKREDQWCGSLIGLTSRATWAKNIQTAINQVRSLIGNEEYTDYMPSMKRFRKEEEEAGVLW,-4.212187604
C1CN=C(N1)C2=CC=C(C=C2)NC3=NN=C(C4=C3C=CC(=C4)N)NC5=CC=C(C=C5)C6=NCCN6,MNNQRKKARNTPFNMLKRERNRVSTVQQLTKRFSLGMLQGRGPLKLFMALVAFLRFLTIPPTAGILKRWGTIKKSKAINVLRGFRKEIGRMLNILNRRRRTAGMIIMLIPTVMAFHLTTRNGEPHMIVSRQEKGKSLLFKTEDGVNMCTLMAMDLGELCEDTITYKCPFLKQNEPEDIDCWCNSTSTWVTYGTCTTTGEHRREKRSVALVPHVGMGLETRTETWMSSEGAWKHAQRIETWILRHPGFTIMAAILAYTIGTTHFQRALIFILLTAVAPSMTMRCIGISNRDFVEGVSGGSWVDIVLEHGSCVTTMAKNKPTLDFELIETEAKQPATLRKYCIEAKLTNTTTDSRCPTQGEPSLNEEQDKRFVCKHSMVDRGWGNGCGLFGKGGIVTCAMFTCKKNMKGKVVQPENLEYTIVITPHSGEEHAVGNDTGKHGKEIKITPQSSITEAELTGYGTVTMECSPRTGLDFNEMVLLQMENKAWLVHRQWFLDLPLPWLPGADTQGSNWIQKETLVTFKNPHAKKQDVVVLGSQEGAMHTALTGATEIQMSSGNLLFTGHLKCRLRMDKLQLKGMSYSMCTGKFKVVKEIAETQHGTIVIRVQYEGDGSPCKIPFEIMDLEKRHVLGRLITVNPIVTEKDSPVNIEAEPPFGDSYIIIGVEPGQLKLNWFKKGSSIGQMIETTMRGAKRMAILGDTAWDFGSLGGVFTSIGKALHQVFGAIYGAAFSGVSWIMKILIGVIITWIGMNSRSTSLSVSLVLVGVVTLYLGVMVQADSGCVVSWKNKELKCGSGIFITDNVHTWTEQYKFQPESPSKLASAIQKAHEEGICGIRSVTRLENLMWKQITPELNHILSENEVKLTIMTGDIKGIMQAGKRSLQPQPTELKYSWKTWGKAKMLSTESHNQTFLIDGPETAECPNTNRAWNSLEVEDYGFGVFTTNIWLKLREKQDVFCDSKLMSAAIKDNRAVHADMGYWIESALNDTWKIEKASFIEVKSCHWPKSHTLWSNGVLESEMIIPKNFAGPVSQHNYRPGYHTQTAGPWHLGKLEMDFDFCEGTTVVVTEDCGNRGPSLRTTTASGKLITEWCCRSCTLPPLRYRGEDGCWYGMEIRPLKEKEENLVNSLVTAGHGQIDNFSLGVLGMALFLEEMLRTRVGTKHAILLVAVSFVTLITGNMSFRDLGRVMVMVGATMTDDIGMGVTYLALLAAFKVRPTFAAGLLLRKLTSKELMMTTIGIVLLSQSTIPETILELTDALALGMMVLKMVRKMEKYQLAVTIMAILCVPNAVILQNAWKVSCTILAVVSVSPLFLTSSQQKADWIPLALTIKGLNPTAIFLTTLSRTNKKRSWPLNEAIMAVGMVSILASSLLKNDIPMTGPLVAGGLLTVCYVLTGRSADLELERAADVKWEDQAEISGSSPILSITISEDGSMSIKNEEEEQTLTILIRTGLLVISGLFPVSIPITAAAWYLWEVKKQRAGVLWDVPSPPPVGKAELEDGAYRIKQKGILGYSQIGAGVYKEGTFHTMWHVTRGAVLMHKGKRIEPSWADVKKDLISYGGGWKLEGEWKEGEEVQVLALEPGKNPRAVQTKPGLFKTNAGTIGAVSLDFSPGTSGSPIIDKKGKVVGLYGNGVVTRSGAYVSAIAQTEKSIEDNPEIEDDIFRKRKLTIMDLHPGAGKTKRYLPAIVREAIKRGLRTLILAPTRVVAAEMEEALRGLPIRYQTPAIRAEHTGREIVDLMCHATFTMRLLSPVRVPNYNLIIMDEAHFTDPASIAARGYISTRVEMGEAAGIFMTATPPGSRDPFPQSNAPIMDEEREIPERSWSSGHEWVTDFKGKTVWFVPSIKAGNDIAACLRKNGKKVIQLSRKTFDSEYVKTRTNDWDFVVTTDISEMGANFKAERVIDPRRCMKPVILTDGEERVILAGPMPVTHSSAAQRRGRIGRNPKNENDQYIYMGEPLENDEDCAHWKEAKMLLDNINTPEGIIPSMFEPEREKVDAIDGEYRLRGEARKTFVDLMRRGDLPVWLAYRVAAEGINYADRRWCFDGIKNNQILEENVEVEIWTKEGERKKLKPRWLDAKIYSDPLALKEFKEFAAGRKSLTLNLITEMGRLPTFMTQKARDALDNLAVLHTAEAGGRAYNHALSELPETLETLLLLTLLATVTGGIFLFLMSGRGIGKMTLGMCCIITASILLWYAQIQPHWIAASIILEFFLIVLLIPEPEKQRTPQDNQLTYVVIAILTVVAATMANEMGFLEKTKKDLGLGSITTQQPESNILDIDLRPASAWTLYAVATTFVTPMLRHSIENSSVNVSLTAIANQATVLMGLGKGWPLSKMDIGVPLLAIGCYSQVNPITLTAALFLLVAHYAIIGPGLQAKATREAQKRAAAGIMKNPTVDGITVIDLDPIPYDPKFEKQLGQVMLLVLCVTQVLMMRTTWALCEALTLATGPISTLWEGNPGRFWNTTIAVSMANIFRGSYLAGAGLLFSIMKNTTNTRRGTGNIGETLGEKWKSRLNALGKSEFQIYKKSGIQEVDRTLAKEGIKRGETDHHAVSRGSAKLRWFVERNMVTPEGKVVDLGCGRGGWSYYCGGLKNVREVKGLTKGGPGHEEPIPMSTYGWNLVRLQSGVDVFFTPPEKCDTLLCDIGESSPNPTVEAGRTLRVLNLVENWLNNNTQFCIKVLNPYMPSVIEKMEALQRKYGGALVRNPLSRNSTHEMYWLSNASGNIVSSVNMISRMLINRFTMRHKKATYEPDVDLGSGTRNIGIESEIPNLDIIGKRIEKIKQEHETSWHYDQDHPYKTWAYHGSYETKQTGSASSMGNGVVRLLTKPWDVVPMVTQMAMTDTTPFGQQRVFKEKVDTRTQEPKEGTKKLMKITAEWLWKELGKKKTPRMCTREEFTRKVRSNAALGAIFTDENKWKSAREAVEDSRFWELVDKERNLHLEGKCETCVYNMMGKREKKLGEFGKAKGSRAIWYMWLGARFLEFEALGFLNEDHWFSRENSLSGVEGEGLHKLGYILRDVSKKEGGAMYADDTAGWDTRITLEDLKNEEMVTNHMEGEHKKLAEAIFKLTYQNKVVRVQRPTPRGTVMDIISRRDQRGSGQVGTYGLNTFTNMEAQLIRQMEGEGVFKSIQHLTVTEEIAVQNWLARVGRERLSRMAISGDDCVVKPLDDRFASALTALNDMGKVRKDIQQWEPSRGWNDWTQVPFCSHHFHELIMKDGRVLVVPCRNQDELIGRARISQGAGWSLRETACLGKSYAQMWSLMYFHRRDLRLAANAICSAVPSHWVPTSRTTWSIHAKHEWMTTEDMLTVWNRVWIQENPWMEDKTPVESWEEIPYLGKREDQWCGSLIGLTSRATWAKNIQTAINQVRSLIGNEEYTDYMPSMKRFRKEEEEAGVLW,-5
C1=CC=C(C=C1)OC2=C(C=CC(=C2F)CN)F,MSTNGKPQRKTKRNTNRRPQDVKFPGGGQIVGGVYLLPRRGPRLGVRATRKTWERSQPRGRRQPIPKARQPEGRAWAQPGYPWPLYGNEGLGWAGWLVSPRGSRPNWGPTDPRRRSRNLGKVIDTLTCGFADLMGYIPLVGAPLGGVARALAHGVRVLEDGVNYATGNLPGCSFSIFLLALLSCLTIPASAYEVHNVSGIYHVTNDCSNSSIVYEAADMIMHTPGCVPCVRENNSSRCWVALTPTLAARNNSVPTATIRRHVDLLVGAAAFCSAMYVGDLCGSVFLVSQLFTFSPRRYETVQDCNCSIYPGHVTGHRMAWDMMMNWSPTTALVVSQLLRIPQAVVDMVGGAHWGVLAGLAYYSMVGNWAKVLIVMLLFAGVDGSTIVSGGTVARTTHSLASLFTQGASQKIQLINTNGSWHINRTALNCNDSLQTGFLASLFYAHRFNASGCPERMASCRSIDKFDQGWGPITYTEADIQDQRPYCWHYAPRPCGIVPASQVCGPVYCFTPSPVVVGTTDRFGAPTYSWGENETDVLILNNTRPPQGNWFGCTWMNSTGFTKTCGGPPCNIGGGGNNTLVCPTDCFRKHPEATYTKCGSGPWLTPRCMVDYPYRLWHYPCTVNFTIFKVRMYVGGVEHRLNAACNWTRGERCDLEDRDRSELSPLLLSTTEWQILPCSFTGLPALSTGLIHLHQNVVDVQYLYGIGSAVVSFAIKWEYILLLFLLLADARVCACLWMMLLIAQAEAALENLVVFNAASVAGMHGTLSFLVFFCAAWYIKGRLVPGAAYALYGVWPLLLLLLALPPRAYAMDREMAASCGGAVFVGLVLLTLSPHYKMFLARLIWWLQYFITRAEAHLQVWIPPLNVRGGRDAIILLTCAAYPELIFDITKILLAILGPLMVLQAGLTRIPYFVRAQGLIRACMLVRKAAGGHYVQMALMKLAALTGTYVYDHLTPLQDWAHTGLRDLAVAVEPVVFSDMETKIITWGADTAACGDIILGLPVSARRGREILLGPADSLEGRGWRLLAPITAYAQQTRGLFGCIITSLTGRDKNQVEGEVQVVSTATQSFLATCINGVCWTVYHGAGSKTLAGPKGPITQMYTNVDQDLVGWHAPQGARSLTPCTCGSSDLYLVTRHADVIPVRRRGDSRGSLLSPRPISYLKGSSGGPLLCPSGHVVGIFRAAVCTRGVAKAVDFVPVESMETTMRSPVFTDNSSPPAVPQAFQVAHLHAPTGSGKSTKVPAAYAAQGYKVLVLNPSVAATLGFGAYMSKAHGVDPNIRTGVRTITTGAPITYSTYGKFLADGGCSGGAYDIIMCDECHSTDSTTILGIGTVLDQAETAGARLVVLATATPPGSVTVPHPNIEEIALSNTGEIPFYGKAIPIETIKGGRHLIFCHSKKKCDELAAKLSALGIHAVAYYRGLDVSVIPASGNVVVVATDALMTGFTGDFDSVIDCNTCVTQTVDFSLDPTFTIETTTMPQDAVSRSQRRGRTSRGRRGIYRFVTPGERPSGMFDSSVLCECYDAGCAWYELTPAETSVRLRAYLNTPGLPVCQDHLEFWESVFTGLTHIDAHFLSQTKQAGDNFPYLVAYQATVCARAQAPPPSWDQMWKCLTRLKPTLHGPTPLLYRLGAVQNEVTLTHPITKYIMACMSADLEVVTSTWVLVGGVLAALAAYCLTTGSVVIVGRIILSGKPAVVPDREVLYQEFDEMEECASHLPYIEQGMQLAEQFKQKALGLLQTATKQAEAAAPVVESKWRTLEAFWANDMWNFISGIQYLAGLSTLPGNPAIASLMAFTASITSPLTTQSTLLFNILGGWVAAQLAPPGAASAFVGAGIAGAAVGSIGLGKVLVDMVAGYGAGVAGALVAFKVMSGEMPSTEDLVNLLPAILSPGALVVGVVCAAILRRHVDPGEGAVQWMNRLIAFASRGNHVSPTHYVPESDAAARVTQILSGLTITQLLRRLHQWINEDCSTPCSGSWLRDVWDWICTVLADFKTWLQSKLLPRLPGVPFFSCQRGYKGVWRGDGIMQTTCPCGAQLTGHVKNGSMRIWGPKTCSNTWHGTFPINAYTTGPCTPSPAPNYSRALWRVAAEEYVEVRRVGDFHYVTGMTTDNVKCPCQVPAPEFFTEVDGVRLHRYAPACKPLLREEVSFQVGLNQYVVGSQLPCEPEPDVAVLTSMLTDPSHITAETAKRRLARGSPPSLASSSASQLSALSLKAACTTRHTPPDADLIEANLLWRQEMGGNITRVESENKVVILDSFDPLRAEEDEREVSVPAEILRKSRKFPPALPVWARPDYNPPLLEPWKDPDYVPPVVHGCPLPPVKAPPIPPPRRKRTVVLTESTVSSALAELATKTFGSSESSAAGSGTATAPPDQPSDDGDAGSDVESCSSMPPLEGEPGDPDLSDGSWSTVSEEDGEGVICCSMSYTWTGALITPCAAEESKLPINALSNSLLRHHNMVYATTSRSASQRQKKVTIDRLQVLDDHYRDVLKEMKAKASTVKAKLLSVEEACKLTPPHSARSKFGYGAKDVRNLSGKAINHIRSVWKDLLEDTETPIDTTIMAKNEVFCVQPEKGGRKPARLIVFPDLGVRVCEKMALYDVVSTLPQAVMGSSYGFQYSPGQRVEFLVNAWKSKKCPMGFSYDTRCFDSTVTESDIRVEESIYQCCDLAPEARQAIRSLTERLYIGGPLTNSKGQNCGYRRCRASGVLTTSCGNTLTCYLKASAACRAAKLQDCTMLVCGDDLVVICESAGTQEDAASLRVFTEAMTRYSAPPGDLPQPEYDQELITSCSSNVSVAHDASGKRVYYLTRDPTTPLARAAWATARHTPVNSWLGNIIMYAPTLWARMILMTHFFSILLAQEQLEKALDCQIYGACYSIEPLDLPQIIERLHGLSAFSLHSYSPGEINRVASCLRKLGVPPLRAWRHRARSVRAKLLSQGGRAATCGRYLFNWAVKTKLKLTPIPAASQLDLSKWFVAGYGGGDIYHSLSRARPRWFMLCLLLLSVGVGIYLLPNR,-4.462397998
CCC(C1=C(C(=C(C=C1)Cl)OC2=CC=CC=C2)F)NC(C)CC(=O)N,MSTNGKPQRKTKRNTNRRPQDVKFPGGGQIVGGVYLLPRRGPRLGVRATRKTWERSQPRGRRQPIPKARQPEGRAWAQPGYPWPLYGNEGLGWAGWLVSPRGSRPNWGPTDPRRRSRNLGKVIDTLTCGFADLMGYIPLVGAPLGGVARALAHGVRVLEDGVNYATGNLPGCSFSIFLLALLSCLTIPASAYEVHNVSGIYHVTNDCSNSSIVYEAADMIMHTPGCVPCVRENNSSRCWVALTPTLAARNNSVPTATIRRHVDLLVGAAAFCSAMYVGDLCGSVFLVSQLFTFSPRRYETVQDCNCSIYPGHVTGHRMAWDMMMNWSPTTALVVSQLLRIPQAVVDMVGGAHWGVLAGLAYYSMVGNWAKVLIVMLLFAGVDGSTIVSGGTVARTTHSLASLFTQGASQKIQLINTNGSWHINRTALNCNDSLQTGFLASLFYAHRFNASGCPERMASCRSIDKFDQGWGPITYTEADIQDQRPYCWHYAPRPCGIVPASQVCGPVYCFTPSPVVVGTTDRFGAPTYSWGENETDVLILNNTRPPQGNWFGCTWMNSTGFTKTCGGPPCNIGGGGNNTLVCPTDCFRKHPEATYTKCGSGPWLTPRCMVDYPYRLWHYPCTVNFTIFKVRMYVGGVEHRLNAACNWTRGERCDLEDRDRSELSPLLLSTTEWQILPCSFTGLPALSTGLIHLHQNVVDVQYLYGIGSAVVSFAIKWEYILLLFLLLADARVCACLWMMLLIAQAEAALENLVVFNAASVAGMHGTLSFLVFFCAAWYIKGRLVPGAAYALYGVWPLLLLLLALPPRAYAMDREMAASCGGAVFVGLVLLTLSPHYKMFLARLIWWLQYFITRAEAHLQVWIPPLNVRGGRDAIILLTCAAYPELIFDITKILLAILGPLMVLQAGLTRIPYFVRAQGLIRACMLVRKAAGGHYVQMALMKLAALTGTYVYDHLTPLQDWAHTGLRDLAVAVEPVVFSDMETKIITWGADTAACGDIILGLPVSARRGREILLGPADSLEGRGWRLLAPITAYAQQTRGLFGCIITSLTGRDKNQVEGEVQVVSTATQSFLATCINGVCWTVYHGAGSKTLAGPKGPITQMYTNVDQDLVGWHAPQGARSLTPCTCGSSDLYLVTRHADVIPVRRRGDSRGSLLSPRPISYLKGSSGGPLLCPSGHVVGIFRAAVCTRGVAKAVDFVPVESMETTMRSPVFTDNSSPPAVPQAFQVAHLHAPTGSGKSTKVPAAYAAQGYKVLVLNPSVAATLGFGAYMSKAHGVDPNIRTGVRTITTGAPITYSTYGKFLADGGCSGGAYDIIMCDECHSTDSTTILGIGTVLDQAETAGARLVVLATATPPGSVTVPHPNIEEIALSNTGEIPFYGKAIPIETIKGGRHLIFCHSKKKCDELAAKLSALGIHAVAYYRGLDVSVIPASGNVVVVATDALMTGFTGDFDSVIDCNTCVTQTVDFSLDPTFTIETTTMPQDAVSRSQRRGRTSRGRRGIYRFVTPGERPSGMFDSSVLCECYDAGCAWYELTPAETSVRLRAYLNTPGLPVCQDHLEFWESVFTGLTHIDAHFLSQTKQAGDNFPYLVAYQATVCARAQAPPPSWDQMWKCLTRLKPTLHGPTPLLYRLGAVQNEVTLTHPITKYIMACMSADLEVVTSTWVLVGGVLAALAAYCLTTGSVVIVGRIILSGKPAVVPDREVLYQEFDEMEECASHLPYIEQGMQLAEQFKQKALGLLQTATKQAEAAAPVVESKWRTLEAFWANDMWNFISGIQYLAGLSTLPGNPAIASLMAFTASITSPLTTQSTLLFNILGGWVAAQLAPPGAASAFVGAGIAGAAVGSIGLGKVLVDMVAGYGAGVAGALVAFKVMSGEMPSTEDLVNLLPAILSPGALVVGVVCAAILRRHVDPGEGAVQWMNRLIAFASRGNHVSPTHYVPESDAAARVTQILSGLTITQLLRRLHQWINEDCSTPCSGSWLRDVWDWICTVLADFKTWLQSKLLPRLPGVPFFSCQRGYKGVWRGDGIMQTTCPCGAQLTGHVKNGSMRIWGPKTCSNTWHGTFPINAYTTGPCTPSPAPNYSRALWRVAAEEYVEVRRVGDFHYVTGMTTDNVKCPCQVPAPEFFTEVDGVRLHRYAPACKPLLREEVSFQVGLNQYVVGSQLPCEPEPDVAVLTSMLTDPSHITAETAKRRLARGSPPSLASSSASQLSALSLKAACTTRHTPPDADLIEANLLWRQEMGGNITRVESENKVVILDSFDPLRAEEDEREVSVPAEILRKSRKFPPALPVWARPDYNPPLLEPWKDPDYVPPVVHGCPLPPVKAPPIPPPRRKRTVVLTESTVSSALAELATKTFGSSESSAAGSGTATAPPDQPSDDGDAGSDVESCSSMPPLEGEPGDPDLSDGSWSTVSEEDGEGVICCSMSYTWTGALITPCAAEESKLPINALSNSLLRHHNMVYATTSRSASQRQKKVTIDRLQVLDDHYRDVLKEMKAKASTVKAKLLSVEEACKLTPPHSARSKFGYGAKDVRNLSGKAINHIRSVWKDLLEDTETPIDTTIMAKNEVFCVQPEKGGRKPARLIVFPDLGVRVCEKMALYDVVSTLPQAVMGSSYGFQYSPGQRVEFLVNAWKSKKCPMGFSYDTRCFDSTVTESDIRVEESIYQCCDLAPEARQAIRSLTERLYIGGPLTNSKGQNCGYRRCRASGVLTTSCGNTLTCYLKASAACRAAKLQDCTMLVCGDDLVVICESAGTQEDAASLRVFTEAMTRYSAPPGDLPQPEYDQELITSCSSNVSVAHDASGKRVYYLTRDPTTPLARAAWATARHTPVNSWLGNIIMYAPTLWARMILMTHFFSILLAQEQLEKALDCQIYGACYSIEPLDLPQIIERLHGLSAFSLHSYSPGEINRVASCLRKLGVPPLRAWRHRARSVRAKLLSQGGRAATCGRYLFNWAVKTKLKLTPIPAASQLDLSKWFVAGYGGGDIYHSLSRARPRWFMLCLLLLSVGVGIYLLPNR,-1.792391689
CCC(C1=C(C(=C(C=C1)Cl)OC2=CC=CC=C2)F)NC(C)CC(=O)NCCN,MSTNGKPQRKTKRNTNRRPQDVKFPGGGQIVGGVYLLPRRGPRLGVRATRKTWERSQPRGRRQPIPKARQPEGRAWAQPGYPWPLYGNEGLGWAGWLVSPRGSRPNWGPTDPRRRSRNLGKVIDTLTCGFADLMGYIPLVGAPLGGVARALAHGVRVLEDGVNYATGNLPGCSFSIFLLALLSCLTIPASAYEVHNVSGIYHVTNDCSNSSIVYEAADMIMHTPGCVPCVRENNSSRCWVALTPTLAARNNSVPTATIRRHVDLLVGAAAFCSAMYVGDLCGSVFLVSQLFTFSPRRYETVQDCNCSIYPGHVTGHRMAWDMMMNWSPTTALVVSQLLRIPQAVVDMVGGAHWGVLAGLAYYSMVGNWAKVLIVMLLFAGVDGSTIVSGGTVARTTHSLASLFTQGASQKIQLINTNGSWHINRTALNCNDSLQTGFLASLFYAHRFNASGCPERMASCRSIDKFDQGWGPITYTEADIQDQRPYCWHYAPRPCGIVPASQVCGPVYCFTPSPVVVGTTDRFGAPTYSWGENETDVLILNNTRPPQGNWFGCTWMNSTGFTKTCGGPPCNIGGGGNNTLVCPTDCFRKHPEATYTKCGSGPWLTPRCMVDYPYRLWHYPCTVNFTIFKVRMYVGGVEHRLNAACNWTRGERCDLEDRDRSELSPLLLSTTEWQILPCSFTGLPALSTGLIHLHQNVVDVQYLYGIGSAVVSFAIKWEYILLLFLLLADARVCACLWMMLLIAQAEAALENLVVFNAASVAGMHGTLSFLVFFCAAWYIKGRLVPGAAYALYGVWPLLLLLLALPPRAYAMDREMAASCGGAVFVGLVLLTLSPHYKMFLARLIWWLQYFITRAEAHLQVWIPPLNVRGGRDAIILLTCAAYPELIFDITKILLAILGPLMVLQAGLTRIPYFVRAQGLIRACMLVRKAAGGHYVQMALMKLAALTGTYVYDHLTPLQDWAHTGLRDLAVAVEPVVFSDMETKIITWGADTAACGDIILGLPVSARRGREILLGPADSLEGRGWRLLAPITAYAQQTRGLFGCIITSLTGRDKNQVEGEVQVVSTATQSFLATCINGVCWTVYHGAGSKTLAGPKGPITQMYTNVDQDLVGWHAPQGARSLTPCTCGSSDLYLVTRHADVIPVRRRGDSRGSLLSPRPISYLKGSSGGPLLCPSGHVVGIFRAAVCTRGVAKAVDFVPVESMETTMRSPVFTDNSSPPAVPQAFQVAHLHAPTGSGKSTKVPAAYAAQGYKVLVLNPSVAATLGFGAYMSKAHGVDPNIRTGVRTITTGAPITYSTYGKFLADGGCSGGAYDIIMCDECHSTDSTTILGIGTVLDQAETAGARLVVLATATPPGSVTVPHPNIEEIALSNTGEIPFYGKAIPIETIKGGRHLIFCHSKKKCDELAAKLSALGIHAVAYYRGLDVSVIPASGNVVVVATDALMTGFTGDFDSVIDCNTCVTQTVDFSLDPTFTIETTTMPQDAVSRSQRRGRTSRGRRGIYRFVTPGERPSGMFDSSVLCECYDAGCAWYELTPAETSVRLRAYLNTPGLPVCQDHLEFWESVFTGLTHIDAHFLSQTKQAGDNFPYLVAYQATVCARAQAPPPSWDQMWKCLTRLKPTLHGPTPLLYRLGAVQNEVTLTHPITKYIMACMSADLEVVTSTWVLVGGVLAALAAYCLTTGSVVIVGRIILSGKPAVVPDREVLYQEFDEMEECASHLPYIEQGMQLAEQFKQKALGLLQTATKQAEAAAPVVESKWRTLEAFWANDMWNFISGIQYLAGLSTLPGNPAIASLMAFTASITSPLTTQSTLLFNILGGWVAAQLAPPGAASAFVGAGIAGAAVGSIGLGKVLVDMVAGYGAGVAGALVAFKVMSGEMPSTEDLVNLLPAILSPGALVVGVVCAAILRRHVDPGEGAVQWMNRLIAFASRGNHVSPTHYVPESDAAARVTQILSGLTITQLLRRLHQWINEDCSTPCSGSWLRDVWDWICTVLADFKTWLQSKLLPRLPGVPFFSCQRGYKGVWRGDGIMQTTCPCGAQLTGHVKNGSMRIWGPKTCSNTWHGTFPINAYTTGPCTPSPAPNYSRALWRVAAEEYVEVRRVGDFHYVTGMTTDNVKCPCQVPAPEFFTEVDGVRLHRYAPACKPLLREEVSFQVGLNQYVVGSQLPCEPEPDVAVLTSMLTDPSHITAETAKRRLARGSPPSLASSSASQLSALSLKAACTTRHTPPDADLIEANLLWRQEMGGNITRVESENKVVILDSFDPLRAEEDEREVSVPAEILRKSRKFPPALPVWARPDYNPPLLEPWKDPDYVPPVVHGCPLPPVKAPPIPPPRRKRTVVLTESTVSSALAELATKTFGSSESSAAGSGTATAPPDQPSDDGDAGSDVESCSSMPPLEGEPGDPDLSDGSWSTVSEEDGEGVICCSMSYTWTGALITPCAAEESKLPINALSNSLLRHHNMVYATTSRSASQRQKKVTIDRLQVLDDHYRDVLKEMKAKASTVKAKLLSVEEACKLTPPHSARSKFGYGAKDVRNLSGKAINHIRSVWKDLLEDTETPIDTTIMAKNEVFCVQPEKGGRKPARLIVFPDLGVRVCEKMALYDVVSTLPQAVMGSSYGFQYSPGQRVEFLVNAWKSKKCPMGFSYDTRCFDSTVTESDIRVEESIYQCCDLAPEARQAIRSLTERLYIGGPLTNSKGQNCGYRRCRASGVLTTSCGNTLTCYLKASAACRAAKLQDCTMLVCGDDLVVICESAGTQEDAASLRVFTEAMTRYSAPPGDLPQPEYDQELITSCSSNVSVAHDASGKRVYYLTRDPTTPLARAAWATARHTPVNSWLGNIIMYAPTLWARMILMTHFFSILLAQEQLEKALDCQIYGACYSIEPLDLPQIIERLHGLSAFSLHSYSPGEINRVASCLRKLGVPPLRAWRHRARSVRAKLLSQGGRAATCGRYLFNWAVKTKLKLTPIPAASQLDLSKWFVAGYGGGDIYHSLSRARPRWFMLCLLLLSVGVGIYLLPNR,-1.342422681
CCC(C1=C(C(=C(C=C1)Cl)OC2=CC=CC=C2)F)NC(C)CC(=O)N,MSTNGKPQRKTKRNTNRRPQDVKFPGGGQIVGGVYLLPRRGPRLGVRATRKTWERSQPRGRRQPIPKARQPEGRAWAQPGYPWPLYGNEGLGWAGWLVSPRGSRPNWGPTDPRRRSRNLGKVIDTLTCGFADLMGYIPLVGAPLGGVARALAHGVRVLEDGVNYATGNLPGCSFSIFLLALLSCLTIPASAYEVHNVSGIYHVTNDCSNSSIVYEAADMIMHTPGCVPCVRENNSSRCWVALTPTLAARNNSVPTATIRRHVDLLVGAAAFCSAMYVGDLCGSVFLVSQLFTFSPRRYETVQDCNCSIYPGHVTGHRMAWDMMMNWSPTTALVVSQLLRIPQAVVDMVGGAHWGVLAGLAYYSMVGNWAKVLIVMLLFAGVDGSTIVSGGTVARTTHSLASLFTQGASQKIQLINTNGSWHINRTALNCNDSLQTGFLASLFYAHRFNASGCPERMASCRSIDKFDQGWGPITYTEADIQDQRPYCWHYAPRPCGIVPASQVCGPVYCFTPSPVVVGTTDRFGAPTYSWGENETDVLILNNTRPPQGNWFGCTWMNSTGFTKTCGGPPCNIGGGGNNTLVCPTDCFRKHPEATYTKCGSGPWLTPRCMVDYPYRLWHYPCTVNFTIFKVRMYVGGVEHRLNAACNWTRGERCDLEDRDRSELSPLLLSTTEWQILPCSFTGLPALSTGLIHLHQNVVDVQYLYGIGSAVVSFAIKWEYILLLFLLLADARVCACLWMMLLIAQAEAALENLVVFNAASVAGMHGTLSFLVFFCAAWYIKGRLVPGAAYALYGVWPLLLLLLALPPRAYAMDREMAASCGGAVFVGLVLLTLSPHYKMFLARLIWWLQYFITRAEAHLQVWIPPLNVRGGRDAIILLTCAAYPELIFDITKILLAILGPLMVLQAGLTRIPYFVRAQGLIRACMLVRKAAGGHYVQMALMKLAALTGTYVYDHLTPLQDWAHTGLRDLAVAVEPVVFSDMETKIITWGADTAACGDIILGLPVSARRGREILLGPADSLEGRGWRLLAPITAYAQQTRGLFGCIITSLTGRDKNQVEGEVQVVSTATQSFLATCINGVCWTVYHGAGSKTLAGPKGPITQMYTNVDQDLVGWHAPQGARSLTPCTCGSSDLYLVTRHADVIPVRRRGDSRGSLLSPRPISYLKGSSGGPLLCPSGHVVGIFRAAVCTRGVAKAVDFVPVESMETTMRSPVFTDNSSPPAVPQAFQVAHLHAPTGSGKSTKVPAAYAAQGYKVLVLNPSVAATLGFGAYMSKAHGVDPNIRTGVRTITTGAPITYSTYGKFLADGGCSGGAYDIIMCDECHSTDSTTILGIGTVLDQAETAGARLVVLATATPPGSVTVPHPNIEEIALSNTGEIPFYGKAIPIETIKGGRHLIFCHSKKKCDELAAKLSALGIHAVAYYRGLDVSVIPASGNVVVVATDALMTGFTGDFDSVIDCNTCVTQTVDFSLDPTFTIETTTMPQDAVSRSQRRGRTSRGRRGIYRFVTPGERPSGMFDSSVLCECYDAGCAWYELTPAETSVRLRAYLNTPGLPVCQDHLEFWESVFTGLTHIDAHFLSQTKQAGDNFPYLVAYQATVCARAQAPPPSWDQMWKCLTRLKPTLHGPTPLLYRLGAVQNEVTLTHPITKYIMACMSADLEVVTSTWVLVGGVLAALAAYCLTTGSVVIVGRIILSGKPAVVPDREVLYQEFDEMEECASHLPYIEQGMQLAEQFKQKALGLLQTATKQAEAAAPVVESKWRTLEAFWANDMWNFISGIQYLAGLSTLPGNPAIASLMAFTASITSPLTTQSTLLFNILGGWVAAQLAPPGAASAFVGAGIAGAAVGSIGLGKVLVDMVAGYGAGVAGALVAFKVMSGEMPSTEDLVNLLPAILSPGALVVGVVCAAILRRHVDPGEGAVQWMNRLIAFASRGNHVSPTHYVPESDAAARVTQILSGLTITQLLRRLHQWINEDCSTPCSGSWLRDVWDWICTVLADFKTWLQSKLLPRLPGVPFFSCQRGYKGVWRGDGIMQTTCPCGAQLTGHVKNGSMRIWGPKTCSNTWHGTFPINAYTTGPCTPSPAPNYSRALWRVAAEEYVEVRRVGDFHYVTGMTTDNVKCPCQVPAPEFFTEVDGVRLHRYAPACKPLLREEVSFQVGLNQYVVGSQLPCEPEPDVAVLTSMLTDPSHITAETAKRRLARGSPPSLASSSASQLSALSLKAACTTRHTPPDADLIEANLLWRQEMGGNITRVESENKVVILDSFDPLRAEEDEREVSVPAEILRKSRKFPPALPVWARPDYNPPLLEPWKDPDYVPPVVHGCPLPPVKAPPIPPPRRKRTVVLTESTVSSALAELATKTFGSSESSAAGSGTATAPPDQPSDDGDAGSDVESCSSMPPLEGEPGDPDLSDGSWSTVSEEDGEGVICCSMSYTWTGALITPCAAEESKLPINALSNSLLRHHNMVYATTSRSASQRQKKVTIDRLQVLDDHYRDVLKEMKAKASTVKAKLLSVEEACKLTPPHSARSKFGYGAKDVRNLSGKAINHIRSVWKDLLEDTETPIDTTIMAKNEVFCVQPEKGGRKPARLIVFPDLGVRVCEKMALYDVVSTLPQAVMGSSYGFQYSPGQRVEFLVNAWKSKKCPMGFSYDTRCFDSTVTESDIRVEESIYQCCDLAPEARQAIRSLTERLYIGGPLTNSKGQNCGYRRCRASGVLTTSCGNTLTCYLKASAACRAAKLQDCTMLVCGDDLVVICESAGTQEDAASLRVFTEAMTRYSAPPGDLPQPEYDQELITSCSSNVSVAHDASGKRVYYLTRDPTTPLARAAWATARHTPVNSWLGNIIMYAPTLWARMILMTHFFSILLAQEQLEKALDCQIYGACYSIEPLDLPQIIERLHGLSAFSLHSYSPGEINRVASCLRKLGVPPLRAWRHRARSVRAKLLSQGGRAATCGRYLFNWAVKTKLKLTPIPAASQLDLSKWFVAGYGGGDIYHSLSRARPRWFMLCLLLLSVGVGIYLLPNR,-4.380211242
CC1=C2CN3C4=C(C=CC(=C4)C(=O)NS(=O)(=O)N(CCOCCN(C2=O)C)C)C(=C3C5=C1C=C(C=C5)OC)C6CCCCC6,MSTNPKPQRKTKRNTNRRPQDVKFPGGGQIVGGVYLLPRRGPRLGVRATRKTSERSQPRGRRQPIPKARQPEGRAWAQPGYPWPLYGNEGLGWAGWLLSPRGSRPSWGPTDPRRRSRNLGKVIDTLTCGFADLMGYIPLVGAPLGGAARALAHGVRVLEDGVNYATGNLPGCSFSIFLLALLSCLTIPASAYEVRNVSGVYHVTNDCSNASIVYEAADMIMHTPGCVPCVRENNSSRCWVALTPTLAARNASVPTTTIRRHVDLLVGAAALCSAMYVGDLCGSVFLVAQLFTFSPRRHETVQDCNCSIYPGHVTGHRMAWDMMMNWSPTAALVVSQLLRIPQAVVDMVAGAHWGVLAGLAYYSMVGNWAKVLIVMLLFAGVDGGTYVTGGTMAKNTLGITSLFSPGSSQKIQLVNTNGSWHINRTALNCNDSLNTGFLAALFYVHKFNSSGCPERMASCSPIDAFAQGWGPITYNESHSSDQRPYCWHYAPRPCGIVPAAQVCGPVYCFTPSPVVVGTTDRFGVPTYSWGENETDVLLLNNTRPPQGNWFGCTWMNSTGFTKTCGGPPCNIGGIGNKTLTCPTDCFRKHPEATYTKCGSGPWLTPRCLVHYPYRLWHYPCTVNFTIFKVRMYVGGVEHRLEAACNWTRGERCNLEDRDRSELSPLLLSTTEWQVLPCSFTTLPALSTGLIHLHQNVVDVQYLYGIGSAVVSFAIKWEYVLLLFLLLADARVCACLWMMLLIAQAEAALENLVVLNAASVAGAHGILSFLVFFCAAWYIKGRLVPGAAYALYGVWPLLLLLLALPPRAYAMDREMAASCGGAVFVGLILLTLSPHYKLFLARLIWWLQYFITRAEAHLQVWIPPLNVRGGRDAVILLTCAIHPELIFTITKILLAILGPLMVLQAGITKVPYFVRAHGLIRACMLVRKVAGGHYVQMALMKLAALTGTYVYDHLTPLRDWAHAGLRDLAVAVEPVVFSDMETKVITWGADTAACGDIILGLPVSARRGREIHLGPADSLEGQGWRLLAPITAYSQQTRGLLGCIITSLTGRDRNQVEGEVQVVSTATQSFLATCVNGVCWTVYHGAGSKTLAGPKGPITQMYTNVDQDLVGWQAPPGARSLTPCTCGSSDLYLVTRHADVIPVRRRGDSRGSLLSPRPVSYLKGSSGGPLLCPSGHAVGIFRAAVCTRGVAKAVDFVPVESMETTMRSPVFTDNSSPPAVPQTFQVAHLHAPTGSGKSTKVPAAYAAQGYKVLVLNPSVAATLGFGAYMSKAHGIDPNIRTGVRTITTGAPITYSTYGKFLADGGCSGGAYDIIICDECHSTDSTTILGIGTVLDQAETAGARLVVLATATPPGSVTVPHPNIEEVALSSTGEIPFYGKAIPIETIKGGRHLIFCHSKKKCDELAAKLSGLGLNAVAYYRGLDVSVIPTSGDVIVVATDALMTGFTGDFDSVIDCNTCVTQTVDFSLDPTFTIETTTVPQDAVSRSQRRGRTGRGRMGIYRFVTPGERPSGMFDSSVLCECYDAGCAWYELTPAETSVRLRAYLNTPGLPVCQDHLEFWESVFTGLTHIDAHFLSQTKQAGDNFPYLVAYQATVCARAQAPPPSWDQMWKCLIRLKPTLHGPTPLLYRLGAVQNEVTTTHPITKYIMACMSADLEVVTSTWVLVGGVLAALAAYCLTTGSVVIVGRIILSGKPAIIPDREVLYREFDEMEECASHLPYIEQGMQLAEQFKQKAIGLLQTATKQAEAAAPVVESKWRTLEAFWAKHMWNFISGIQYLAGLSTLPGNPAIASLMAFTASITSPLTTQHTLLFNILGGWVAAQLAPPSAASAFVGAGIAGAAVGSIGLGKVLVDILAGYGAGVAGALVAFKVMSGEMPSTEDLVNLLPAILSPGALVVGVVCAAILRRHVGPGEGAVQWMNRLIAFASRGNHVSPTHYVPESDAAARVTQILSSLTITQLLKRLHQWINEDCSTPCSGSWLRDVWDWICTVLTDFKTWLQSKLLPRLPGVPFFSCQRGYKGVWRGDGIMQTTCPCGAQITGHVKNGSMRIVGPRTCSNTWHGTFPINAYTTGPCTPSPAPNYSRALWRVAAEEYVEVTRVGDFHYVTGMTTDNVKCPCQVPAPEFFTEVDGVRLHRYAPACKPLLREEVTFLVGLNQYLVGSQLPCEPEPDVAVLTSMLTDPSHITAETAKRRLARGSPPSLASSSASQLSAPSLKATCTTRHDSPDADLIEANLLWRQEMGGNITRVESENKVVILDSFEPLQAEEDEREVSVPAEILRRSRKFPRAMPIWARPDYNPPLLESWKDPDYVPPVVHGCPLPPAKAPPIPPPRRKRTVVLSESTVSSALAELATKTFGSSESSAVDSGTATASPDQPSDDGDAGSDVESYSSMPPLEGEPGDPDLSDGSWSTVSEEASEDVVCCSMSYTWTGALITPCAAEETKLPINALSNSLLRHHNLVYATTSRSASLRQKKVTFDRLQVLDDHYRDVLKEMKAKASTVKAKLLSVEEACKLTPPHSARSKFGYGAKDVRNLSSKAVNHIRSVWKDLLEDTETPIDTTIMAKNEVFCVQPEKGGRKPARLIVFPDLGVRVCEKMALYDVVSTLPQAVMGSSYGFQYSPGQRVEFLVNAWKAKKCPMGFAYDTRCFDSTVTENDIRVEESIYQCCDLAPEARQAIRSLTERLYIGGPLTNSKGQNCGYRRCRASGVLTTSCGNTLTCYLKAAAACRAAKLQDCTMLVCGDDLVVICESAGTQEDEASLRAFTEAMTRYSAPPGDPPKPEYDLELITSCSSNVSVAHDASGKRVYYLTRDPTTPLARAAWETARHTPVNSWLGNIIMYAPTLWARMILMTHFFSILLAQEQLEKALDCQIYGACYSIEPLDLPQIIQRLHGLSAFSLHSYSPGEINRVASCLRKLGVPPLRVWRHRARSVRARLLSQGGRAATCGKYLFNWAVRTKLKLTPIPAASQLDLSSWFVAGYSGGDIYHSLSRARPRWFMWCLLLLSVGVGIYLLPNR,-0.204119983
CN1CCCCN(S(=O)(=O)NC(=O)C2=CC3=C(C=C2)C(=C4N3CC(=CC5=C4C=CC(=C5)OC)C1=O)C6CCCCC6)C,MSTNPKPQRKTKRNTNRRPQDVKFPGGGQIVGGVYLLPRRGPRLGVRATRKTSERSQPRGRRQPIPKARQPEGRAWAQPGYPWPLYGNEGLGWAGWLLSPRGSRPSWGPTDPRRRSRNLGKVIDTLTCGFADLMGYIPLVGAPLGGAARALAHGVRVLEDGVNYATGNLPGCSFSIFLLALLSCLTIPASAYEVRNVSGVYHVTNDCSNASIVYEAADMIMHTPGCVPCVRENNSSRCWVALTPTLAARNASVPTTTIRRHVDLLVGAAALCSAMYVGDLCGSVFLVAQLFTFSPRRHETVQDCNCSIYPGHVTGHRMAWDMMMNWSPTAALVVSQLLRIPQAVVDMVAGAHWGVLAGLAYYSMVGNWAKVLIVMLLFAGVDGGTYVTGGTMAKNTLGITSLFSPGSSQKIQLVNTNGSWHINRTALNCNDSLNTGFLAALFYVHKFNSSGCPERMASCSPIDAFAQGWGPITYNESHSSDQRPYCWHYAPRPCGIVPAAQVCGPVYCFTPSPVVVGTTDRFGVPTYSWGENETDVLLLNNTRPPQGNWFGCTWMNSTGFTKTCGGPPCNIGGIGNKTLTCPTDCFRKHPEATYTKCGSGPWLTPRCLVHYPYRLWHYPCTVNFTIFKVRMYVGGVEHRLEAACNWTRGERCNLEDRDRSELSPLLLSTTEWQVLPCSFTTLPALSTGLIHLHQNVVDVQYLYGIGSAVVSFAIKWEYVLLLFLLLADARVCACLWMMLLIAQAEAALENLVVLNAASVAGAHGILSFLVFFCAAWYIKGRLVPGAAYALYGVWPLLLLLLALPPRAYAMDREMAASCGGAVFVGLILLTLSPHYKLFLARLIWWLQYFITRAEAHLQVWIPPLNVRGGRDAVILLTCAIHPELIFTITKILLAILGPLMVLQAGITKVPYFVRAHGLIRACMLVRKVAGGHYVQMALMKLAALTGTYVYDHLTPLRDWAHAGLRDLAVAVEPVVFSDMETKVITWGADTAACGDIILGLPVSARRGREIHLGPADSLEGQGWRLLAPITAYSQQTRGLLGCIITSLTGRDRNQVEGEVQVVSTATQSFLATCVNGVCWTVYHGAGSKTLAGPKGPITQMYTNVDQDLVGWQAPPGARSLTPCTCGSSDLYLVTRHADVIPVRRRGDSRGSLLSPRPVSYLKGSSGGPLLCPSGHAVGIFRAAVCTRGVAKAVDFVPVESMETTMRSPVFTDNSSPPAVPQTFQVAHLHAPTGSGKSTKVPAAYAAQGYKVLVLNPSVAATLGFGAYMSKAHGIDPNIRTGVRTITTGAPITYSTYGKFLADGGCSGGAYDIIICDECHSTDSTTILGIGTVLDQAETAGARLVVLATATPPGSVTVPHPNIEEVALSSTGEIPFYGKAIPIETIKGGRHLIFCHSKKKCDELAAKLSGLGLNAVAYYRGLDVSVIPTSGDVIVVATDALMTGFTGDFDSVIDCNTCVTQTVDFSLDPTFTIETTTVPQDAVSRSQRRGRTGRGRMGIYRFVTPGERPSGMFDSSVLCECYDAGCAWYELTPAETSVRLRAYLNTPGLPVCQDHLEFWESVFTGLTHIDAHFLSQTKQAGDNFPYLVAYQATVCARAQAPPPSWDQMWKCLIRLKPTLHGPTPLLYRLGAVQNEVTTTHPITKYIMACMSADLEVVTSTWVLVGGVLAALAAYCLTTGSVVIVGRIILSGKPAIIPDREVLYREFDEMEECASHLPYIEQGMQLAEQFKQKAIGLLQTATKQAEAAAPVVESKWRTLEAFWAKHMWNFISGIQYLAGLSTLPGNPAIASLMAFTASITSPLTTQHTLLFNILGGWVAAQLAPPSAASAFVGAGIAGAAVGSIGLGKVLVDILAGYGAGVAGALVAFKVMSGEMPSTEDLVNLLPAILSPGALVVGVVCAAILRRHVGPGEGAVQWMNRLIAFASRGNHVSPTHYVPESDAAARVTQILSSLTITQLLKRLHQWINEDCSTPCSGSWLRDVWDWICTVLTDFKTWLQSKLLPRLPGVPFFSCQRGYKGVWRGDGIMQTTCPCGAQITGHVKNGSMRIVGPRTCSNTWHGTFPINAYTTGPCTPSPAPNYSRALWRVAAEEYVEVTRVGDFHYVTGMTTDNVKCPCQVPAPEFFTEVDGVRLHRYAPACKPLLREEVTFLVGLNQYLVGSQLPCEPEPDVAVLTSMLTDPSHITAETAKRRLARGSPPSLASSSASQLSAPSLKATCTTRHDSPDADLIEANLLWRQEMGGNITRVESENKVVILDSFEPLQAEEDEREVSVPAEILRRSRKFPRAMPIWARPDYNPPLLESWKDPDYVPPVVHGCPLPPAKAPPIPPPRRKRTVVLSESTVSSALAELATKTFGSSESSAVDSGTATASPDQPSDDGDAGSDVESYSSMPPLEGEPGDPDLSDGSWSTVSEEASEDVVCCSMSYTWTGALITPCAAEETKLPINALSNSLLRHHNLVYATTSRSASLRQKKVTFDRLQVLDDHYRDVLKEMKAKASTVKAKLLSVEEACKLTPPHSARSKFGYGAKDVRNLSSKAVNHIRSVWKDLLEDTETPIDTTIMAKNEVFCVQPEKGGRKPARLIVFPDLGVRVCEKMALYDVVSTLPQAVMGSSYGFQYSPGQRVEFLVNAWKAKKCPMGFAYDTRCFDSTVTENDIRVEESIYQCCDLAPEARQAIRSLTERLYIGGPLTNSKGQNCGYRRCRASGVLTTSCGNTLTCYLKAAAACRAAKLQDCTMLVCGDDLVVICESAGTQEDEASLRAFTEAMTRYSAPPGDPPKPEYDLELITSCSSNVSVAHDASGKRVYYLTRDPTTPLARAAWETARHTPVNSWLGNIIMYAPTLWARMILMTHFFSILLAQEQLEKALDCQIYGACYSIEPLDLPQIIQRLHGLSAFSLHSYSPGEINRVASCLRKLGVPPLRVWRHRARSVRARLLSQGGRAATCGKYLFNWAVRTKLKLTPIPAASQLDLSSWFVAGYSGGDIYHSLSRARPRWFMWCLLLLSVGVGIYLLPNR,-0.380211242
CN1CCOCCN(S(=O)(=O)NC(=O)C2=CC3=C(C=C2)C(=C4N3CC(=CC5=C4C=CC(=C5)OC)C1=O)C6CCCCC6)C,MSTNPKPQRKTKRNTNRRPQDVKFPGGGQIVGGVYLLPRRGPRLGVRATRKTSERSQPRGRRQPIPKARQPEGRAWAQPGYPWPLYGNEGLGWAGWLLSPRGSRPSWGPTDPRRRSRNLGKVIDTLTCGFADLMGYIPLVGAPLGGAARALAHGVRVLEDGVNYATGNLPGCSFSIFLLALLSCLTIPASAYEVRNVSGVYHVTNDCSNASIVYEAADMIMHTPGCVPCVRENNSSRCWVALTPTLAARNASVPTTTIRRHVDLLVGAAALCSAMYVGDLCGSVFLVAQLFTFSPRRHETVQDCNCSIYPGHVTGHRMAWDMMMNWSPTAALVVSQLLRIPQAVVDMVAGAHWGVLAGLAYYSMVGNWAKVLIVMLLFAGVDGGTYVTGGTMAKNTLGITSLFSPGSSQKIQLVNTNGSWHINRTALNCNDSLNTGFLAALFYVHKFNSSGCPERMASCSPIDAFAQGWGPITYNESHSSDQRPYCWHYAPRPCGIVPAAQVCGPVYCFTPSPVVVGTTDRFGVPTYSWGENETDVLLLNNTRPPQGNWFGCTWMNSTGFTKTCGGPPCNIGGIGNKTLTCPTDCFRKHPEATYTKCGSGPWLTPRCLVHYPYRLWHYPCTVNFTIFKVRMYVGGVEHRLEAACNWTRGERCNLEDRDRSELSPLLLSTTEWQVLPCSFTTLPALSTGLIHLHQNVVDVQYLYGIGSAVVSFAIKWEYVLLLFLLLADARVCACLWMMLLIAQAEAALENLVVLNAASVAGAHGILSFLVFFCAAWYIKGRLVPGAAYALYGVWPLLLLLLALPPRAYAMDREMAASCGGAVFVGLILLTLSPHYKLFLARLIWWLQYFITRAEAHLQVWIPPLNVRGGRDAVILLTCAIHPELIFTITKILLAILGPLMVLQAGITKVPYFVRAHGLIRACMLVRKVAGGHYVQMALMKLAALTGTYVYDHLTPLRDWAHAGLRDLAVAVEPVVFSDMETKVITWGADTAACGDIILGLPVSARRGREIHLGPADSLEGQGWRLLAPITAYSQQTRGLLGCIITSLTGRDRNQVEGEVQVVSTATQSFLATCVNGVCWTVYHGAGSKTLAGPKGPITQMYTNVDQDLVGWQAPPGARSLTPCTCGSSDLYLVTRHADVIPVRRRGDSRGSLLSPRPVSYLKGSSGGPLLCPSGHAVGIFRAAVCTRGVAKAVDFVPVESMETTMRSPVFTDNSSPPAVPQTFQVAHLHAPTGSGKSTKVPAAYAAQGYKVLVLNPSVAATLGFGAYMSKAHGIDPNIRTGVRTITTGAPITYSTYGKFLADGGCSGGAYDIIICDECHSTDSTTILGIGTVLDQAETAGARLVVLATATPPGSVTVPHPNIEEVALSSTGEIPFYGKAIPIETIKGGRHLIFCHSKKKCDELAAKLSGLGLNAVAYYRGLDVSVIPTSGDVIVVATDALMTGFTGDFDSVIDCNTCVTQTVDFSLDPTFTIETTTVPQDAVSRSQRRGRTGRGRMGIYRFVTPGERPSGMFDSSVLCECYDAGCAWYELTPAETSVRLRAYLNTPGLPVCQDHLEFWESVFTGLTHIDAHFLSQTKQAGDNFPYLVAYQATVCARAQAPPPSWDQMWKCLIRLKPTLHGPTPLLYRLGAVQNEVTTTHPITKYIMACMSADLEVVTSTWVLVGGVLAALAAYCLTTGSVVIVGRIILSGKPAIIPDREVLYREFDEMEECASHLPYIEQGMQLAEQFKQKAIGLLQTATKQAEAAAPVVESKWRTLEAFWAKHMWNFISGIQYLAGLSTLPGNPAIASLMAFTASITSPLTTQHTLLFNILGGWVAAQLAPPSAASAFVGAGIAGAAVGSIGLGKVLVDILAGYGAGVAGALVAFKVMSGEMPSTEDLVNLLPAILSPGALVVGVVCAAILRRHVGPGEGAVQWMNRLIAFASRGNHVSPTHYVPESDAAARVTQILSSLTITQLLKRLHQWINEDCSTPCSGSWLRDVWDWICTVLTDFKTWLQSKLLPRLPGVPFFSCQRGYKGVWRGDGIMQTTCPCGAQITGHVKNGSMRIVGPRTCSNTWHGTFPINAYTTGPCTPSPAPNYSRALWRVAAEEYVEVTRVGDFHYVTGMTTDNVKCPCQVPAPEFFTEVDGVRLHRYAPACKPLLREEVTFLVGLNQYLVGSQLPCEPEPDVAVLTSMLTDPSHITAETAKRRLARGSPPSLASSSASQLSAPSLKATCTTRHDSPDADLIEANLLWRQEMGGNITRVESENKVVILDSFEPLQAEEDEREVSVPAEILRRSRKFPRAMPIWARPDYNPPLLESWKDPDYVPPVVHGCPLPPAKAPPIPPPRRKRTVVLSESTVSSALAELATKTFGSSESSAVDSGTATASPDQPSDDGDAGSDVESYSSMPPLEGEPGDPDLSDGSWSTVSEEASEDVVCCSMSYTWTGALITPCAAEETKLPINALSNSLLRHHNLVYATTSRSASLRQKKVTFDRLQVLDDHYRDVLKEMKAKASTVKAKLLSVEEACKLTPPHSARSKFGYGAKDVRNLSSKAVNHIRSVWKDLLEDTETPIDTTIMAKNEVFCVQPEKGGRKPARLIVFPDLGVRVCEKMALYDVVSTLPQAVMGSSYGFQYSPGQRVEFLVNAWKAKKCPMGFAYDTRCFDSTVTENDIRVEESIYQCCDLAPEARQAIRSLTERLYIGGPLTNSKGQNCGYRRCRASGVLTTSCGNTLTCYLKAAAACRAAKLQDCTMLVCGDDLVVICESAGTQEDEASLRAFTEAMTRYSAPPGDPPKPEYDLELITSCSSNVSVAHDASGKRVYYLTRDPTTPLARAAWETARHTPVNSWLGNIIMYAPTLWARMILMTHFFSILLAQEQLEKALDCQIYGACYSIEPLDLPQIIQRLHGLSAFSLHSYSPGEINRVASCLRKLGVPPLRVWRHRARSVRARLLSQGGRAATCGKYLFNWAVRTKLKLTPIPAASQLDLSSWFVAGYSGGDIYHSLSRARPRWFMWCLLLLSVGVGIYLLPNR,-0.643452676
CC(C)N1CCCCN(C(=O)C2=CC3=C(C=CC(=C3)OC)C4=C(C5=C(N4C2)C=C(C=C5)C(=O)NS1(=O)=O)C6CCCCC6)C,MSTNPKPQRKTKRNTNRRPQDVKFPGGGQIVGGVYLLPRRGPRLGVRATRKTSERSQPRGRRQPIPKARQPEGRAWAQPGYPWPLYGNEGLGWAGWLLSPRGSRPSWGPTDPRRRSRNLGKVIDTLTCGFADLMGYIPLVGAPLGGAARALAHGVRVLEDGVNYATGNLPGCSFSIFLLALLSCLTIPASAYEVRNVSGVYHVTNDCSNASIVYEAADMIMHTPGCVPCVRENNSSRCWVALTPTLAARNASVPTTTIRRHVDLLVGAAALCSAMYVGDLCGSVFLVAQLFTFSPRRHETVQDCNCSIYPGHVTGHRMAWDMMMNWSPTAALVVSQLLRIPQAVVDMVAGAHWGVLAGLAYYSMVGNWAKVLIVMLLFAGVDGGTYVTGGTMAKNTLGITSLFSPGSSQKIQLVNTNGSWHINRTALNCNDSLNTGFLAALFYVHKFNSSGCPERMASCSPIDAFAQGWGPITYNESHSSDQRPYCWHYAPRPCGIVPAAQVCGPVYCFTPSPVVVGTTDRFGVPTYSWGENETDVLLLNNTRPPQGNWFGCTWMNSTGFTKTCGGPPCNIGGIGNKTLTCPTDCFRKHPEATYTKCGSGPWLTPRCLVHYPYRLWHYPCTVNFTIFKVRMYVGGVEHRLEAACNWTRGERCNLEDRDRSELSPLLLSTTEWQVLPCSFTTLPALSTGLIHLHQNVVDVQYLYGIGSAVVSFAIKWEYVLLLFLLLADARVCACLWMMLLIAQAEAALENLVVLNAASVAGAHGILSFLVFFCAAWYIKGRLVPGAAYALYGVWPLLLLLLALPPRAYAMDREMAASCGGAVFVGLILLTLSPHYKLFLARLIWWLQYFITRAEAHLQVWIPPLNVRGGRDAVILLTCAIHPELIFTITKILLAILGPLMVLQAGITKVPYFVRAHGLIRACMLVRKVAGGHYVQMALMKLAALTGTYVYDHLTPLRDWAHAGLRDLAVAVEPVVFSDMETKVITWGADTAACGDIILGLPVSARRGREIHLGPADSLEGQGWRLLAPITAYSQQTRGLLGCIITSLTGRDRNQVEGEVQVVSTATQSFLATCVNGVCWTVYHGAGSKTLAGPKGPITQMYTNVDQDLVGWQAPPGARSLTPCTCGSSDLYLVTRHADVIPVRRRGDSRGSLLSPRPVSYLKGSSGGPLLCPSGHAVGIFRAAVCTRGVAKAVDFVPVESMETTMRSPVFTDNSSPPAVPQTFQVAHLHAPTGSGKSTKVPAAYAAQGYKVLVLNPSVAATLGFGAYMSKAHGIDPNIRTGVRTITTGAPITYSTYGKFLADGGCSGGAYDIIICDECHSTDSTTILGIGTVLDQAETAGARLVVLATATPPGSVTVPHPNIEEVALSSTGEIPFYGKAIPIETIKGGRHLIFCHSKKKCDELAAKLSGLGLNAVAYYRGLDVSVIPTSGDVIVVATDALMTGFTGDFDSVIDCNTCVTQTVDFSLDPTFTIETTTVPQDAVSRSQRRGRTGRGRMGIYRFVTPGERPSGMFDSSVLCECYDAGCAWYELTPAETSVRLRAYLNTPGLPVCQDHLEFWESVFTGLTHIDAHFLSQTKQAGDNFPYLVAYQATVCARAQAPPPSWDQMWKCLIRLKPTLHGPTPLLYRLGAVQNEVTTTHPITKYIMACMSADLEVVTSTWVLVGGVLAALAAYCLTTGSVVIVGRIILSGKPAIIPDREVLYREFDEMEECASHLPYIEQGMQLAEQFKQKAIGLLQTATKQAEAAAPVVESKWRTLEAFWAKHMWNFISGIQYLAGLSTLPGNPAIASLMAFTASITSPLTTQHTLLFNILGGWVAAQLAPPSAASAFVGAGIAGAAVGSIGLGKVLVDILAGYGAGVAGALVAFKVMSGEMPSTEDLVNLLPAILSPGALVVGVVCAAILRRHVGPGEGAVQWMNRLIAFASRGNHVSPTHYVPESDAAARVTQILSSLTITQLLKRLHQWINEDCSTPCSGSWLRDVWDWICTVLTDFKTWLQSKLLPRLPGVPFFSCQRGYKGVWRGDGIMQTTCPCGAQITGHVKNGSMRIVGPRTCSNTWHGTFPINAYTTGPCTPSPAPNYSRALWRVAAEEYVEVTRVGDFHYVTGMTTDNVKCPCQVPAPEFFTEVDGVRLHRYAPACKPLLREEVTFLVGLNQYLVGSQLPCEPEPDVAVLTSMLTDPSHITAETAKRRLARGSPPSLASSSASQLSAPSLKATCTTRHDSPDADLIEANLLWRQEMGGNITRVESENKVVILDSFEPLQAEEDEREVSVPAEILRRSRKFPRAMPIWARPDYNPPLLESWKDPDYVPPVVHGCPLPPAKAPPIPPPRRKRTVVLSESTVSSALAELATKTFGSSESSAVDSGTATASPDQPSDDGDAGSDVESYSSMPPLEGEPGDPDLSDGSWSTVSEEASEDVVCCSMSYTWTGALITPCAAEETKLPINALSNSLLRHHNLVYATTSRSASLRQKKVTFDRLQVLDDHYRDVLKEMKAKASTVKAKLLSVEEACKLTPPHSARSKFGYGAKDVRNLSSKAVNHIRSVWKDLLEDTETPIDTTIMAKNEVFCVQPEKGGRKPARLIVFPDLGVRVCEKMALYDVVSTLPQAVMGSSYGFQYSPGQRVEFLVNAWKAKKCPMGFAYDTRCFDSTVTENDIRVEESIYQCCDLAPEARQAIRSLTERLYIGGPLTNSKGQNCGYRRCRASGVLTTSCGNTLTCYLKAAAACRAAKLQDCTMLVCGDDLVVICESAGTQEDEASLRAFTEAMTRYSAPPGDPPKPEYDLELITSCSSNVSVAHDASGKRVYYLTRDPTTPLARAAWETARHTPVNSWLGNIIMYAPTLWARMILMTHFFSILLAQEQLEKALDCQIYGACYSIEPLDLPQIIQRLHGLSAFSLHSYSPGEINRVASCLRKLGVPPLRVWRHRARSVRARLLSQGGRAATCGKYLFNWAVRTKLKLTPIPAASQLDLSSWFVAGYSGGDIYHSLSRARPRWFMWCLLLLSVGVGIYLLPNR,-0.954242509
CN1CCCCNS(=O)(=O)NC(=O)C2=CC3=C(C=C2)C(=C4N3CC(=CC5=C4C=CC(=C5)OC)C1=O)C6CCCCC6,MSTNPKPQRKTKRNTNRRPQDVKFPGGGQIVGGVYLLPRRGPRLGVRATRKTSERSQPRGRRQPIPKARQPEGRAWAQPGYPWPLYGNEGLGWAGWLLSPRGSRPSWGPTDPRRRSRNLGKVIDTLTCGFADLMGYIPLVGAPLGGAARALAHGVRVLEDGVNYATGNLPGCSFSIFLLALLSCLTIPASAYEVRNVSGVYHVTNDCSNASIVYEAADMIMHTPGCVPCVRENNSSRCWVALTPTLAARNASVPTTTIRRHVDLLVGAAALCSAMYVGDLCGSVFLVAQLFTFSPRRHETVQDCNCSIYPGHVTGHRMAWDMMMNWSPTAALVVSQLLRIPQAVVDMVAGAHWGVLAGLAYYSMVGNWAKVLIVMLLFAGVDGGTYVTGGTMAKNTLGITSLFSPGSSQKIQLVNTNGSWHINRTALNCNDSLNTGFLAALFYVHKFNSSGCPERMASCSPIDAFAQGWGPITYNESHSSDQRPYCWHYAPRPCGIVPAAQVCGPVYCFTPSPVVVGTTDRFGVPTYSWGENETDVLLLNNTRPPQGNWFGCTWMNSTGFTKTCGGPPCNIGGIGNKTLTCPTDCFRKHPEATYTKCGSGPWLTPRCLVHYPYRLWHYPCTVNFTIFKVRMYVGGVEHRLEAACNWTRGERCNLEDRDRSELSPLLLSTTEWQVLPCSFTTLPALSTGLIHLHQNVVDVQYLYGIGSAVVSFAIKWEYVLLLFLLLADARVCACLWMMLLIAQAEAALENLVVLNAASVAGAHGILSFLVFFCAAWYIKGRLVPGAAYALYGVWPLLLLLLALPPRAYAMDREMAASCGGAVFVGLILLTLSPHYKLFLARLIWWLQYFITRAEAHLQVWIPPLNVRGGRDAVILLTCAIHPELIFTITKILLAILGPLMVLQAGITKVPYFVRAHGLIRACMLVRKVAGGHYVQMALMKLAALTGTYVYDHLTPLRDWAHAGLRDLAVAVEPVVFSDMETKVITWGADTAACGDIILGLPVSARRGREIHLGPADSLEGQGWRLLAPITAYSQQTRGLLGCIITSLTGRDRNQVEGEVQVVSTATQSFLATCVNGVCWTVYHGAGSKTLAGPKGPITQMYTNVDQDLVGWQAPPGARSLTPCTCGSSDLYLVTRHADVIPVRRRGDSRGSLLSPRPVSYLKGSSGGPLLCPSGHAVGIFRAAVCTRGVAKAVDFVPVESMETTMRSPVFTDNSSPPAVPQTFQVAHLHAPTGSGKSTKVPAAYAAQGYKVLVLNPSVAATLGFGAYMSKAHGIDPNIRTGVRTITTGAPITYSTYGKFLADGGCSGGAYDIIICDECHSTDSTTILGIGTVLDQAETAGARLVVLATATPPGSVTVPHPNIEEVALSSTGEIPFYGKAIPIETIKGGRHLIFCHSKKKCDELAAKLSGLGLNAVAYYRGLDVSVIPTSGDVIVVATDALMTGFTGDFDSVIDCNTCVTQTVDFSLDPTFTIETTTVPQDAVSRSQRRGRTGRGRMGIYRFVTPGERPSGMFDSSVLCECYDAGCAWYELTPAETSVRLRAYLNTPGLPVCQDHLEFWESVFTGLTHIDAHFLSQTKQAGDNFPYLVAYQATVCARAQAPPPSWDQMWKCLIRLKPTLHGPTPLLYRLGAVQNEVTTTHPITKYIMACMSADLEVVTSTWVLVGGVLAALAAYCLTTGSVVIVGRIILSGKPAIIPDREVLYREFDEMEECASHLPYIEQGMQLAEQFKQKAIGLLQTATKQAEAAAPVVESKWRTLEAFWAKHMWNFISGIQYLAGLSTLPGNPAIASLMAFTASITSPLTTQHTLLFNILGGWVAAQLAPPSAASAFVGAGIAGAAVGSIGLGKVLVDILAGYGAGVAGALVAFKVMSGEMPSTEDLVNLLPAILSPGALVVGVVCAAILRRHVGPGEGAVQWMNRLIAFASRGNHVSPTHYVPESDAAARVTQILSSLTITQLLKRLHQWINEDCSTPCSGSWLRDVWDWICTVLTDFKTWLQSKLLPRLPGVPFFSCQRGYKGVWRGDGIMQTTCPCGAQITGHVKNGSMRIVGPRTCSNTWHGTFPINAYTTGPCTPSPAPNYSRALWRVAAEEYVEVTRVGDFHYVTGMTTDNVKCPCQVPAPEFFTEVDGVRLHRYAPACKPLLREEVTFLVGLNQYLVGSQLPCEPEPDVAVLTSMLTDPSHITAETAKRRLARGSPPSLASSSASQLSAPSLKATCTTRHDSPDADLIEANLLWRQEMGGNITRVESENKVVILDSFEPLQAEEDEREVSVPAEILRRSRKFPRAMPIWARPDYNPPLLESWKDPDYVPPVVHGCPLPPAKAPPIPPPRRKRTVVLSESTVSSALAELATKTFGSSESSAVDSGTATASPDQPSDDGDAGSDVESYSSMPPLEGEPGDPDLSDGSWSTVSEEASEDVVCCSMSYTWTGALITPCAAEETKLPINALSNSLLRHHNLVYATTSRSASLRQKKVTFDRLQVLDDHYRDVLKEMKAKASTVKAKLLSVEEACKLTPPHSARSKFGYGAKDVRNLSSKAVNHIRSVWKDLLEDTETPIDTTIMAKNEVFCVQPEKGGRKPARLIVFPDLGVRVCEKMALYDVVSTLPQAVMGSSYGFQYSPGQRVEFLVNAWKAKKCPMGFAYDTRCFDSTVTENDIRVEESIYQCCDLAPEARQAIRSLTERLYIGGPLTNSKGQNCGYRRCRASGVLTTSCGNTLTCYLKAAAACRAAKLQDCTMLVCGDDLVVICESAGTQEDEASLRAFTEAMTRYSAPPGDPPKPEYDLELITSCSSNVSVAHDASGKRVYYLTRDPTTPLARAAWETARHTPVNSWLGNIIMYAPTLWARMILMTHFFSILLAQEQLEKALDCQIYGACYSIEPLDLPQIIQRLHGLSAFSLHSYSPGEINRVASCLRKLGVPPLRVWRHRARSVRARLLSQGGRAATCGKYLFNWAVRTKLKLTPIPAASQLDLSSWFVAGYSGGDIYHSLSRARPRWFMWCLLLLSVGVGIYLLPNR,-1.041392685
CC1=C2CN3C4=C(C=CC(=C4)C(=O)NS(=O)(=O)N(CCCCN(C2=O)C)C)C(=C3C5=C1C=C(C=C5)OC)C6CCCCC6,MSTNPKPQRKTKRNTNRRPQDVKFPGGGQIVGGVYLLPRRGPRLGVRATRKTSERSQPRGRRQPIPKARQPEGRAWAQPGYPWPLYGNEGLGWAGWLLSPRGSRPSWGPTDPRRRSRNLGKVIDTLTCGFADLMGYIPLVGAPLGGAARALAHGVRVLEDGVNYATGNLPGCSFSIFLLALLSCLTIPASAYEVRNVSGVYHVTNDCSNASIVYEAADMIMHTPGCVPCVRENNSSRCWVALTPTLAARNASVPTTTIRRHVDLLVGAAALCSAMYVGDLCGSVFLVAQLFTFSPRRHETVQDCNCSIYPGHVTGHRMAWDMMMNWSPTAALVVSQLLRIPQAVVDMVAGAHWGVLAGLAYYSMVGNWAKVLIVMLLFAGVDGGTYVTGGTMAKNTLGITSLFSPGSSQKIQLVNTNGSWHINRTALNCNDSLNTGFLAALFYVHKFNSSGCPERMASCSPIDAFAQGWGPITYNESHSSDQRPYCWHYAPRPCGIVPAAQVCGPVYCFTPSPVVVGTTDRFGVPTYSWGENETDVLLLNNTRPPQGNWFGCTWMNSTGFTKTCGGPPCNIGGIGNKTLTCPTDCFRKHPEATYTKCGSGPWLTPRCLVHYPYRLWHYPCTVNFTIFKVRMYVGGVEHRLEAACNWTRGERCNLEDRDRSELSPLLLSTTEWQVLPCSFTTLPALSTGLIHLHQNVVDVQYLYGIGSAVVSFAIKWEYVLLLFLLLADARVCACLWMMLLIAQAEAALENLVVLNAASVAGAHGILSFLVFFCAAWYIKGRLVPGAAYALYGVWPLLLLLLALPPRAYAMDREMAASCGGAVFVGLILLTLSPHYKLFLARLIWWLQYFITRAEAHLQVWIPPLNVRGGRDAVILLTCAIHPELIFTITKILLAILGPLMVLQAGITKVPYFVRAHGLIRACMLVRKVAGGHYVQMALMKLAALTGTYVYDHLTPLRDWAHAGLRDLAVAVEPVVFSDMETKVITWGADTAACGDIILGLPVSARRGREIHLGPADSLEGQGWRLLAPITAYSQQTRGLLGCIITSLTGRDRNQVEGEVQVVSTATQSFLATCVNGVCWTVYHGAGSKTLAGPKGPITQMYTNVDQDLVGWQAPPGARSLTPCTCGSSDLYLVTRHADVIPVRRRGDSRGSLLSPRPVSYLKGSSGGPLLCPSGHAVGIFRAAVCTRGVAKAVDFVPVESMETTMRSPVFTDNSSPPAVPQTFQVAHLHAPTGSGKSTKVPAAYAAQGYKVLVLNPSVAATLGFGAYMSKAHGIDPNIRTGVRTITTGAPITYSTYGKFLADGGCSGGAYDIIICDECHSTDSTTILGIGTVLDQAETAGARLVVLATATPPGSVTVPHPNIEEVALSSTGEIPFYGKAIPIETIKGGRHLIFCHSKKKCDELAAKLSGLGLNAVAYYRGLDVSVIPTSGDVIVVATDALMTGFTGDFDSVIDCNTCVTQTVDFSLDPTFTIETTTVPQDAVSRSQRRGRTGRGRMGIYRFVTPGERPSGMFDSSVLCECYDAGCAWYELTPAETSVRLRAYLNTPGLPVCQDHLEFWESVFTGLTHIDAHFLSQTKQAGDNFPYLVAYQATVCARAQAPPPSWDQMWKCLIRLKPTLHGPTPLLYRLGAVQNEVTTTHPITKYIMACMSADLEVVTSTWVLVGGVLAALAAYCLTTGSVVIVGRIILSGKPAIIPDREVLYREFDEMEECASHLPYIEQGMQLAEQFKQKAIGLLQTATKQAEAAAPVVESKWRTLEAFWAKHMWNFISGIQYLAGLSTLPGNPAIASLMAFTASITSPLTTQHTLLFNILGGWVAAQLAPPSAASAFVGAGIAGAAVGSIGLGKVLVDILAGYGAGVAGALVAFKVMSGEMPSTEDLVNLLPAILSPGALVVGVVCAAILRRHVGPGEGAVQWMNRLIAFASRGNHVSPTHYVPESDAAARVTQILSSLTITQLLKRLHQWINEDCSTPCSGSWLRDVWDWICTVLTDFKTWLQSKLLPRLPGVPFFSCQRGYKGVWRGDGIMQTTCPCGAQITGHVKNGSMRIVGPRTCSNTWHGTFPINAYTTGPCTPSPAPNYSRALWRVAAEEYVEVTRVGDFHYVTGMTTDNVKCPCQVPAPEFFTEVDGVRLHRYAPACKPLLREEVTFLVGLNQYLVGSQLPCEPEPDVAVLTSMLTDPSHITAETAKRRLARGSPPSLASSSASQLSAPSLKATCTTRHDSPDADLIEANLLWRQEMGGNITRVESENKVVILDSFEPLQAEEDEREVSVPAEILRRSRKFPRAMPIWARPDYNPPLLESWKDPDYVPPVVHGCPLPPAKAPPIPPPRRKRTVVLSESTVSSALAELATKTFGSSESSAVDSGTATASPDQPSDDGDAGSDVESYSSMPPLEGEPGDPDLSDGSWSTVSEEASEDVVCCSMSYTWTGALITPCAAEETKLPINALSNSLLRHHNLVYATTSRSASLRQKKVTFDRLQVLDDHYRDVLKEMKAKASTVKAKLLSVEEACKLTPPHSARSKFGYGAKDVRNLSSKAVNHIRSVWKDLLEDTETPIDTTIMAKNEVFCVQPEKGGRKPARLIVFPDLGVRVCEKMALYDVVSTLPQAVMGSSYGFQYSPGQRVEFLVNAWKAKKCPMGFAYDTRCFDSTVTENDIRVEESIYQCCDLAPEARQAIRSLTERLYIGGPLTNSKGQNCGYRRCRASGVLTTSCGNTLTCYLKAAAACRAAKLQDCTMLVCGDDLVVICESAGTQEDEASLRAFTEAMTRYSAPPGDPPKPEYDLELITSCSSNVSVAHDASGKRVYYLTRDPTTPLARAAWETARHTPVNSWLGNIIMYAPTLWARMILMTHFFSILLAQEQLEKALDCQIYGACYSIEPLDLPQIIQRLHGLSAFSLHSYSPGEINRVASCLRKLGVPPLRVWRHRARSVRARLLSQGGRAATCGKYLFNWAVRTKLKLTPIPAASQLDLSSWFVAGYSGGDIYHSLSRARPRWFMWCLLLLSVGVGIYLLPNR,-1.255272505
CN1CCCCCNC(=O)C2=CC3=C(C=C(C=C3)Cl)C4=C(C5=C(N4C2)C=C(C=C5)C(=O)NS1(=O)=O)C6CCCCC6,MSTNPKPQRKTKRNTNRRPQDVKFPGGGQIVGGVYLLPRRGPRLGVRATRKTSERSQPRGRRQPIPKARQPEGRAWAQPGYPWPLYGNEGLGWAGWLLSPRGSRPSWGPTDPRRRSRNLGKVIDTLTCGFADLMGYIPLVGAPLGGAARALAHGVRVLEDGVNYATGNLPGCSFSIFLLALLSCLTIPASAYEVRNVSGVYHVTNDCSNASIVYEAADMIMHTPGCVPCVRENNSSRCWVALTPTLAARNASVPTTTIRRHVDLLVGAAALCSAMYVGDLCGSVFLVAQLFTFSPRRHETVQDCNCSIYPGHVTGHRMAWDMMMNWSPTAALVVSQLLRIPQAVVDMVAGAHWGVLAGLAYYSMVGNWAKVLIVMLLFAGVDGGTYVTGGTMAKNTLGITSLFSPGSSQKIQLVNTNGSWHINRTALNCNDSLNTGFLAALFYVHKFNSSGCPERMASCSPIDAFAQGWGPITYNESHSSDQRPYCWHYAPRPCGIVPAAQVCGPVYCFTPSPVVVGTTDRFGVPTYSWGENETDVLLLNNTRPPQGNWFGCTWMNSTGFTKTCGGPPCNIGGIGNKTLTCPTDCFRKHPEATYTKCGSGPWLTPRCLVHYPYRLWHYPCTVNFTIFKVRMYVGGVEHRLEAACNWTRGERCNLEDRDRSELSPLLLSTTEWQVLPCSFTTLPALSTGLIHLHQNVVDVQYLYGIGSAVVSFAIKWEYVLLLFLLLADARVCACLWMMLLIAQAEAALENLVVLNAASVAGAHGILSFLVFFCAAWYIKGRLVPGAAYALYGVWPLLLLLLALPPRAYAMDREMAASCGGAVFVGLILLTLSPHYKLFLARLIWWLQYFITRAEAHLQVWIPPLNVRGGRDAVILLTCAIHPELIFTITKILLAILGPLMVLQAGITKVPYFVRAHGLIRACMLVRKVAGGHYVQMALMKLAALTGTYVYDHLTPLRDWAHAGLRDLAVAVEPVVFSDMETKVITWGADTAACGDIILGLPVSARRGREIHLGPADSLEGQGWRLLAPITAYSQQTRGLLGCIITSLTGRDRNQVEGEVQVVSTATQSFLATCVNGVCWTVYHGAGSKTLAGPKGPITQMYTNVDQDLVGWQAPPGARSLTPCTCGSSDLYLVTRHADVIPVRRRGDSRGSLLSPRPVSYLKGSSGGPLLCPSGHAVGIFRAAVCTRGVAKAVDFVPVESMETTMRSPVFTDNSSPPAVPQTFQVAHLHAPTGSGKSTKVPAAYAAQGYKVLVLNPSVAATLGFGAYMSKAHGIDPNIRTGVRTITTGAPITYSTYGKFLADGGCSGGAYDIIICDECHSTDSTTILGIGTVLDQAETAGARLVVLATATPPGSVTVPHPNIEEVALSSTGEIPFYGKAIPIETIKGGRHLIFCHSKKKCDELAAKLSGLGLNAVAYYRGLDVSVIPTSGDVIVVATDALMTGFTGDFDSVIDCNTCVTQTVDFSLDPTFTIETTTVPQDAVSRSQRRGRTGRGRMGIYRFVTPGERPSGMFDSSVLCECYDAGCAWYELTPAETSVRLRAYLNTPGLPVCQDHLEFWESVFTGLTHIDAHFLSQTKQAGDNFPYLVAYQATVCARAQAPPPSWDQMWKCLIRLKPTLHGPTPLLYRLGAVQNEVTTTHPITKYIMACMSADLEVVTSTWVLVGGVLAALAAYCLTTGSVVIVGRIILSGKPAIIPDREVLYREFDEMEECASHLPYIEQGMQLAEQFKQKAIGLLQTATKQAEAAAPVVESKWRTLEAFWAKHMWNFISGIQYLAGLSTLPGNPAIASLMAFTASITSPLTTQHTLLFNILGGWVAAQLAPPSAASAFVGAGIAGAAVGSIGLGKVLVDILAGYGAGVAGALVAFKVMSGEMPSTEDLVNLLPAILSPGALVVGVVCAAILRRHVGPGEGAVQWMNRLIAFASRGNHVSPTHYVPESDAAARVTQILSSLTITQLLKRLHQWINEDCSTPCSGSWLRDVWDWICTVLTDFKTWLQSKLLPRLPGVPFFSCQRGYKGVWRGDGIMQTTCPCGAQITGHVKNGSMRIVGPRTCSNTWHGTFPINAYTTGPCTPSPAPNYSRALWRVAAEEYVEVTRVGDFHYVTGMTTDNVKCPCQVPAPEFFTEVDGVRLHRYAPACKPLLREEVTFLVGLNQYLVGSQLPCEPEPDVAVLTSMLTDPSHITAETAKRRLARGSPPSLASSSASQLSAPSLKATCTTRHDSPDADLIEANLLWRQEMGGNITRVESENKVVILDSFEPLQAEEDEREVSVPAEILRRSRKFPRAMPIWARPDYNPPLLESWKDPDYVPPVVHGCPLPPAKAPPIPPPRRKRTVVLSESTVSSALAELATKTFGSSESSAVDSGTATASPDQPSDDGDAGSDVESYSSMPPLEGEPGDPDLSDGSWSTVSEEASEDVVCCSMSYTWTGALITPCAAEETKLPINALSNSLLRHHNLVYATTSRSASLRQKKVTFDRLQVLDDHYRDVLKEMKAKASTVKAKLLSVEEACKLTPPHSARSKFGYGAKDVRNLSSKAVNHIRSVWKDLLEDTETPIDTTIMAKNEVFCVQPEKGGRKPARLIVFPDLGVRVCEKMALYDVVSTLPQAVMGSSYGFQYSPGQRVEFLVNAWKAKKCPMGFAYDTRCFDSTVTENDIRVEESIYQCCDLAPEARQAIRSLTERLYIGGPLTNSKGQNCGYRRCRASGVLTTSCGNTLTCYLKAAAACRAAKLQDCTMLVCGDDLVVICESAGTQEDEASLRAFTEAMTRYSAPPGDPPKPEYDLELITSCSSNVSVAHDASGKRVYYLTRDPTTPLARAAWETARHTPVNSWLGNIIMYAPTLWARMILMTHFFSILLAQEQLEKALDCQIYGACYSIEPLDLPQIIQRLHGLSAFSLHSYSPGEINRVASCLRKLGVPPLRVWRHRARSVRARLLSQGGRAATCGKYLFNWAVRTKLKLTPIPAASQLDLSSWFVAGYSGGDIYHSLSRARPRWFMWCLLLLSVGVGIYLLPNR,-2.602059991
CN1CCCCN(S(=O)(=O)NC(=O)C2=CC3=C(C=C2)C(=C4N3CC(=CC5=C4C=C(C=C5)Cl)C1=O)C6CCCCC6)C,MSTNPKPQRKTKRNTNRRPQDVKFPGGGQIVGGVYLLPRRGPRLGVRATRKTSERSQPRGRRQPIPKARQPEGRAWAQPGYPWPLYGNEGLGWAGWLLSPRGSRPSWGPTDPRRRSRNLGKVIDTLTCGFADLMGYIPLVGAPLGGAARALAHGVRVLEDGVNYATGNLPGCSFSIFLLALLSCLTIPASAYEVRNVSGVYHVTNDCSNASIVYEAADMIMHTPGCVPCVRENNSSRCWVALTPTLAARNASVPTTTIRRHVDLLVGAAALCSAMYVGDLCGSVFLVAQLFTFSPRRHETVQDCNCSIYPGHVTGHRMAWDMMMNWSPTAALVVSQLLRIPQAVVDMVAGAHWGVLAGLAYYSMVGNWAKVLIVMLLFAGVDGGTYVTGGTMAKNTLGITSLFSPGSSQKIQLVNTNGSWHINRTALNCNDSLNTGFLAALFYVHKFNSSGCPERMASCSPIDAFAQGWGPITYNESHSSDQRPYCWHYAPRPCGIVPAAQVCGPVYCFTPSPVVVGTTDRFGVPTYSWGENETDVLLLNNTRPPQGNWFGCTWMNSTGFTKTCGGPPCNIGGIGNKTLTCPTDCFRKHPEATYTKCGSGPWLTPRCLVHYPYRLWHYPCTVNFTIFKVRMYVGGVEHRLEAACNWTRGERCNLEDRDRSELSPLLLSTTEWQVLPCSFTTLPALSTGLIHLHQNVVDVQYLYGIGSAVVSFAIKWEYVLLLFLLLADARVCACLWMMLLIAQAEAALENLVVLNAASVAGAHGILSFLVFFCAAWYIKGRLVPGAAYALYGVWPLLLLLLALPPRAYAMDREMAASCGGAVFVGLILLTLSPHYKLFLARLIWWLQYFITRAEAHLQVWIPPLNVRGGRDAVILLTCAIHPELIFTITKILLAILGPLMVLQAGITKVPYFVRAHGLIRACMLVRKVAGGHYVQMALMKLAALTGTYVYDHLTPLRDWAHAGLRDLAVAVEPVVFSDMETKVITWGADTAACGDIILGLPVSARRGREIHLGPADSLEGQGWRLLAPITAYSQQTRGLLGCIITSLTGRDRNQVEGEVQVVSTATQSFLATCVNGVCWTVYHGAGSKTLAGPKGPITQMYTNVDQDLVGWQAPPGARSLTPCTCGSSDLYLVTRHADVIPVRRRGDSRGSLLSPRPVSYLKGSSGGPLLCPSGHAVGIFRAAVCTRGVAKAVDFVPVESMETTMRSPVFTDNSSPPAVPQTFQVAHLHAPTGSGKSTKVPAAYAAQGYKVLVLNPSVAATLGFGAYMSKAHGIDPNIRTGVRTITTGAPITYSTYGKFLADGGCSGGAYDIIICDECHSTDSTTILGIGTVLDQAETAGARLVVLATATPPGSVTVPHPNIEEVALSSTGEIPFYGKAIPIETIKGGRHLIFCHSKKKCDELAAKLSGLGLNAVAYYRGLDVSVIPTSGDVIVVATDALMTGFTGDFDSVIDCNTCVTQTVDFSLDPTFTIETTTVPQDAVSRSQRRGRTGRGRMGIYRFVTPGERPSGMFDSSVLCECYDAGCAWYELTPAETSVRLRAYLNTPGLPVCQDHLEFWESVFTGLTHIDAHFLSQTKQAGDNFPYLVAYQATVCARAQAPPPSWDQMWKCLIRLKPTLHGPTPLLYRLGAVQNEVTTTHPITKYIMACMSADLEVVTSTWVLVGGVLAALAAYCLTTGSVVIVGRIILSGKPAIIPDREVLYREFDEMEECASHLPYIEQGMQLAEQFKQKAIGLLQTATKQAEAAAPVVESKWRTLEAFWAKHMWNFISGIQYLAGLSTLPGNPAIASLMAFTASITSPLTTQHTLLFNILGGWVAAQLAPPSAASAFVGAGIAGAAVGSIGLGKVLVDILAGYGAGVAGALVAFKVMSGEMPSTEDLVNLLPAILSPGALVVGVVCAAILRRHVGPGEGAVQWMNRLIAFASRGNHVSPTHYVPESDAAARVTQILSSLTITQLLKRLHQWINEDCSTPCSGSWLRDVWDWICTVLTDFKTWLQSKLLPRLPGVPFFSCQRGYKGVWRGDGIMQTTCPCGAQITGHVKNGSMRIVGPRTCSNTWHGTFPINAYTTGPCTPSPAPNYSRALWRVAAEEYVEVTRVGDFHYVTGMTTDNVKCPCQVPAPEFFTEVDGVRLHRYAPACKPLLREEVTFLVGLNQYLVGSQLPCEPEPDVAVLTSMLTDPSHITAETAKRRLARGSPPSLASSSASQLSAPSLKATCTTRHDSPDADLIEANLLWRQEMGGNITRVESENKVVILDSFEPLQAEEDEREVSVPAEILRRSRKFPRAMPIWARPDYNPPLLESWKDPDYVPPVVHGCPLPPAKAPPIPPPRRKRTVVLSESTVSSALAELATKTFGSSESSAVDSGTATASPDQPSDDGDAGSDVESYSSMPPLEGEPGDPDLSDGSWSTVSEEASEDVVCCSMSYTWTGALITPCAAEETKLPINALSNSLLRHHNLVYATTSRSASLRQKKVTFDRLQVLDDHYRDVLKEMKAKASTVKAKLLSVEEACKLTPPHSARSKFGYGAKDVRNLSSKAVNHIRSVWKDLLEDTETPIDTTIMAKNEVFCVQPEKGGRKPARLIVFPDLGVRVCEKMALYDVVSTLPQAVMGSSYGFQYSPGQRVEFLVNAWKAKKCPMGFAYDTRCFDSTVTENDIRVEESIYQCCDLAPEARQAIRSLTERLYIGGPLTNSKGQNCGYRRCRASGVLTTSCGNTLTCYLKAAAACRAAKLQDCTMLVCGDDLVVICESAGTQEDEASLRAFTEAMTRYSAPPGDPPKPEYDLELITSCSSNVSVAHDASGKRVYYLTRDPTTPLARAAWETARHTPVNSWLGNIIMYAPTLWARMILMTHFFSILLAQEQLEKALDCQIYGACYSIEPLDLPQIIQRLHGLSAFSLHSYSPGEINRVASCLRKLGVPPLRVWRHRARSVRARLLSQGGRAATCGKYLFNWAVRTKLKLTPIPAASQLDLSSWFVAGYSGGDIYHSLSRARPRWFMWCLLLLSVGVGIYLLPNR,-2.880813592
CN1CCCCNC(=O)C2=CC3=C(C=CC(=C3)OC)C4=C(C5=C(N4C2)C=C(C=C5)C(=O)NS1(=O)=O)C6CCCCC6,MSTNPKPQRKTKRNTNRRPQDVKFPGGGQIVGGVYLLPRRGPRLGVRATRKTSERSQPRGRRQPIPKARQPEGRAWAQPGYPWPLYGNEGLGWAGWLLSPRGSRPSWGPTDPRRRSRNLGKVIDTLTCGFADLMGYIPLVGAPLGGAARALAHGVRVLEDGVNYATGNLPGCSFSIFLLALLSCLTIPASAYEVRNVSGVYHVTNDCSNASIVYEAADMIMHTPGCVPCVRENNSSRCWVALTPTLAARNASVPTTTIRRHVDLLVGAAALCSAMYVGDLCGSVFLVAQLFTFSPRRHETVQDCNCSIYPGHVTGHRMAWDMMMNWSPTAALVVSQLLRIPQAVVDMVAGAHWGVLAGLAYYSMVGNWAKVLIVMLLFAGVDGGTYVTGGTMAKNTLGITSLFSPGSSQKIQLVNTNGSWHINRTALNCNDSLNTGFLAALFYVHKFNSSGCPERMASCSPIDAFAQGWGPITYNESHSSDQRPYCWHYAPRPCGIVPAAQVCGPVYCFTPSPVVVGTTDRFGVPTYSWGENETDVLLLNNTRPPQGNWFGCTWMNSTGFTKTCGGPPCNIGGIGNKTLTCPTDCFRKHPEATYTKCGSGPWLTPRCLVHYPYRLWHYPCTVNFTIFKVRMYVGGVEHRLEAACNWTRGERCNLEDRDRSELSPLLLSTTEWQVLPCSFTTLPALSTGLIHLHQNVVDVQYLYGIGSAVVSFAIKWEYVLLLFLLLADARVCACLWMMLLIAQAEAALENLVVLNAASVAGAHGILSFLVFFCAAWYIKGRLVPGAAYALYGVWPLLLLLLALPPRAYAMDREMAASCGGAVFVGLILLTLSPHYKLFLARLIWWLQYFITRAEAHLQVWIPPLNVRGGRDAVILLTCAIHPELIFTITKILLAILGPLMVLQAGITKVPYFVRAHGLIRACMLVRKVAGGHYVQMALMKLAALTGTYVYDHLTPLRDWAHAGLRDLAVAVEPVVFSDMETKVITWGADTAACGDIILGLPVSARRGREIHLGPADSLEGQGWRLLAPITAYSQQTRGLLGCIITSLTGRDRNQVEGEVQVVSTATQSFLATCVNGVCWTVYHGAGSKTLAGPKGPITQMYTNVDQDLVGWQAPPGARSLTPCTCGSSDLYLVTRHADVIPVRRRGDSRGSLLSPRPVSYLKGSSGGPLLCPSGHAVGIFRAAVCTRGVAKAVDFVPVESMETTMRSPVFTDNSSPPAVPQTFQVAHLHAPTGSGKSTKVPAAYAAQGYKVLVLNPSVAATLGFGAYMSKAHGIDPNIRTGVRTITTGAPITYSTYGKFLADGGCSGGAYDIIICDECHSTDSTTILGIGTVLDQAETAGARLVVLATATPPGSVTVPHPNIEEVALSSTGEIPFYGKAIPIETIKGGRHLIFCHSKKKCDELAAKLSGLGLNAVAYYRGLDVSVIPTSGDVIVVATDALMTGFTGDFDSVIDCNTCVTQTVDFSLDPTFTIETTTVPQDAVSRSQRRGRTGRGRMGIYRFVTPGERPSGMFDSSVLCECYDAGCAWYELTPAETSVRLRAYLNTPGLPVCQDHLEFWESVFTGLTHIDAHFLSQTKQAGDNFPYLVAYQATVCARAQAPPPSWDQMWKCLIRLKPTLHGPTPLLYRLGAVQNEVTTTHPITKYIMACMSADLEVVTSTWVLVGGVLAALAAYCLTTGSVVIVGRIILSGKPAIIPDREVLYREFDEMEECASHLPYIEQGMQLAEQFKQKAIGLLQTATKQAEAAAPVVESKWRTLEAFWAKHMWNFISGIQYLAGLSTLPGNPAIASLMAFTASITSPLTTQHTLLFNILGGWVAAQLAPPSAASAFVGAGIAGAAVGSIGLGKVLVDILAGYGAGVAGALVAFKVMSGEMPSTEDLVNLLPAILSPGALVVGVVCAAILRRHVGPGEGAVQWMNRLIAFASRGNHVSPTHYVPESDAAARVTQILSSLTITQLLKRLHQWINEDCSTPCSGSWLRDVWDWICTVLTDFKTWLQSKLLPRLPGVPFFSCQRGYKGVWRGDGIMQTTCPCGAQITGHVKNGSMRIVGPRTCSNTWHGTFPINAYTTGPCTPSPAPNYSRALWRVAAEEYVEVTRVGDFHYVTGMTTDNVKCPCQVPAPEFFTEVDGVRLHRYAPACKPLLREEVTFLVGLNQYLVGSQLPCEPEPDVAVLTSMLTDPSHITAETAKRRLARGSPPSLASSSASQLSAPSLKATCTTRHDSPDADLIEANLLWRQEMGGNITRVESENKVVILDSFEPLQAEEDEREVSVPAEILRRSRKFPRAMPIWARPDYNPPLLESWKDPDYVPPVVHGCPLPPAKAPPIPPPRRKRTVVLSESTVSSALAELATKTFGSSESSAVDSGTATASPDQPSDDGDAGSDVESYSSMPPLEGEPGDPDLSDGSWSTVSEEASEDVVCCSMSYTWTGALITPCAAEETKLPINALSNSLLRHHNLVYATTSRSASLRQKKVTFDRLQVLDDHYRDVLKEMKAKASTVKAKLLSVEEACKLTPPHSARSKFGYGAKDVRNLSSKAVNHIRSVWKDLLEDTETPIDTTIMAKNEVFCVQPEKGGRKPARLIVFPDLGVRVCEKMALYDVVSTLPQAVMGSSYGFQYSPGQRVEFLVNAWKAKKCPMGFAYDTRCFDSTVTENDIRVEESIYQCCDLAPEARQAIRSLTERLYIGGPLTNSKGQNCGYRRCRASGVLTTSCGNTLTCYLKAAAACRAAKLQDCTMLVCGDDLVVICESAGTQEDEASLRAFTEAMTRYSAPPGDPPKPEYDLELITSCSSNVSVAHDASGKRVYYLTRDPTTPLARAAWETARHTPVNSWLGNIIMYAPTLWARMILMTHFFSILLAQEQLEKALDCQIYGACYSIEPLDLPQIIQRLHGLSAFSLHSYSPGEINRVASCLRKLGVPPLRVWRHRARSVRARLLSQGGRAATCGKYLFNWAVRTKLKLTPIPAASQLDLSSWFVAGYSGGDIYHSLSRARPRWFMWCLLLLSVGVGIYLLPNR,-0.886490725
CN1CCOCCN(S(=O)(=O)NC(=O)C2=CC3=C(C=C2)C(=C4N3CC(=CC5=C4C=CC(=C5)OC)C1=O)C6CCCCC6)C,MSTNPKPQRKTKRNTNRRPQDVKFPGGGQIVGGVYLLPRRGPRLGVRATRKASERSQPRGRRQPIPKARRPEGRAWAQPGYPWPLYGNEGLGWAGWLLSPRGSRPSWGPTDPRRRSRNLGKVIDTLTCGFADLMGYIPLVGAPLGGAARALAHGVRVLEDGVNYATGNLPGCSFSIFLLALLSCLTIPASAYEVRNVSGIYHVTNDCSNSSIVYEAADVIMHTPGCVPCVREGNSSRCWVALTPTLAARNASVPTTTIRRHVDLLVGTAAFCSAMYVGDLCGSIFLVSQLFTFSPRRHETVQDCNCSIYPGHVSGHRMAWDMMMNWSPTTALVVSQLLRIPQAVVDMVAGAHWGVLAGLAYYSMVGNWAKVLIVALLFAGVDGETHTTGRVAGHTTSGFTSLFSSGASQKIQLVNTNGSWHINRTALNCNDSLQTGFFAALFYAHKFNSSGCPERMASCRPIDWFAQGWGPITYTKPNSSDQRPYCWHYAPRPCGVVPASQVCGPVYCFTPSPVVVGTTDRSGVPTYSWGENETDVMLLNNTRPPQGNWFGCTWMNSTGFTKTCGGPPCNIGGVGNRTLICPTDCFRKHPEATYTKCGSGPWLTPRCLVDYPYRLWHYPCTLNFSIFKVRMYVGGVEHRLNAACNWTRGERCNLEDRDRSELSPLLLSTTEWQILPCAFTTLPALSTGLIHLHQNIVDVQYLYGVGSAFVSFAIKWEYILLLFLLLADARVCACLWMMLLIAQAEAALENLVVLNAASVAGAHGILSFLVFFCAAWYIKGRLAPGAAYAFYGVWPLLLLLLALPPRAYALDREMAASCGGAVLVGLVFLTLSPYYKVFLTRLIWWLQYFITRAEAHMQVWVPPLNVRGGRDAIILLTCAVHPELIFDITKLLLAILGPLMVLQAGITRVPYFVRAQGLIRACMLVRKVAGGHYVQMAFMKLGALTGTYVYNHLTPLRDWAHAGLRDLAVAVEPVVFSAMETKVITWGADTAACGDIILGLPVSARRGKEIFLGPADSLEGQGWRLLAPITAYSQQTRGVLGCIITSLTGRDKNQVEGEVQVVSTATQSFLATCINGVCWTVYHGAGSKTLAGPKGPITQMYTNVDLDLVGWQAPPGARSMTPCSCGSSDLYLVTRHADVIPVRRRGDSRGSLLSPRPVSYLKGSSGGPLLCPSGHVVGVFRAAVCTRGVAKAVDFIPVESMETTMRSPVFTDNSSPPAVPQTFQVAHLHAPTGSGKSTKVPAAYAAQGYKVLVLNPSVAATLGFGAYMSKAHGIDPNIRTGVRTITTGGSITYSTYGKFLADGGCSGGAYDIIICDECHSTDSTTILGIGTVLDQAETAGARLVVLATATPPGSVTVPHPNIEEIGLSNNGEIPFYGKAIPIEAIKGGRHLIFCHSKKKCDELAAKLTGLGLNAVAYYRGLDVSVIPPIGDVVVVATDALMTGFTGDFDSVIDCNTCVTQTVDFSLDPTFTIETTTVPQDAVSRSQRRGRTGRGRSGIYRFVTPGERPSGMFDSSVLCECYDAGCAWYELTPAETSVRLRAYLNTPGLPVCQDHLEFWESVFTGLTHIDAHFLSQTKQAGDNFPYLVAYQATVCARAQAPPPSWDQMWKCLIRLKPTLHGPTPLLYRLGAVQNEVILTHPITKYIMACMSADLEVVTSTWVLVGGVLAALAAYCLTTGSVVIVGRIILSGKPAVVPDREVLYQEFDEMEECASQLPYIEQGMQLAEQFKQKALGLLQTATKQAEAAAPVVESKWRALETFWAKHMWNFISGIQYLAGLSTLPGNPAIASLMAFTASITSPLTTQNTLLFNILGGWVAAQLAPPSAASAFVGAGIAGAAVGSIGLGKVLVDILAGYGAGVAGALVAFKVMSGEVPSTEDLVNLLPAILSPGALVVGVVCAAILRRHVGPGEGAVQWMNRLIAFASRGNHVSPTHYVPESDAAARVTQILSSLTITQLLKRLHQWINEDCSTPCSGSWLRDVWDWICTVLTDFKTWLQSKLLPRLPGVPFLSCQRGYKGVWRGDGIMQTTCPCGAQIAGHVKNGSMRIVGPRTCSNTWHGTFPINAYTTGPCTPSPAPNYSRALWRVAAEEYVEVTRVGDFHYVTGMTTDNVKCPCQVPAPEFFTEVDGVRLHRYAPACKPLLREDVTFQVGLNQYLVGSQLPCEPEPDVTVLTSMLTDPSHITAETAKRRLARGSPPSLASSSASQLSAPSLKATCTTHHDSPDADLIEANLLWRQEMGGNITRVESENKVVILDSFEPLHAEGDEREISVAAEILRKSRKFPSALPIWARPDYNPPLLESWKDPDYVPPVVHGCPLPPTKAPPIPPPRRKRTVVLTESNVSSALAELATKTFGSSGSSAVDSGTATALPDLASDDGDKGSDVESYSSMPPLEGEPGDPDLSDGSWSTVSEEASEDVVCCSMSYTWTGALITPCAAEESKLPINPLSNSLLRHHNMVYATTSRSASLRQKKVTFDRLQVLDDHYRDVLKEMKAKASTVKAKLLSIEEACKLTPPHSAKSKFGYGAKDVRNLSSRAVNHIRSVWEDLLEDTETPIDTTIMAKSEVFCVQPEKGGRKPARLIVFPDLGVRVCEKMALYDVVSTLPQAVMGSSYGFQYSPKQRVEFLVNTWKSKKCPMGFSYDTRCFDSTVTESDIRVEESIYQCCDLAPEARQAIRSLTERLYIGGPLTNSKGQNCGYRRCRASGVLTTSCGNTLTCYLKATAACRAAKLQDCTMLVNGDDLVVICESAGTQEDAAALRAFTEAMTRYSAPPGDPPQPEYDLELITSCSSNVSVAHDASGKRVYYLTRDPTTPLARAAWETARHTPINSWLGNIIMYAPTLWARMILMTHFFSILLAQEQLEKALDCQIYGACYSIEPLDLPQIIERLHGLSAFTLHSYSPGEINRVASCLRKLGVPPLRTWRHRARSVRAKLLSQGGRAATCGRYLFNWAVRTKLKLTPIPAASQLDLSGWFVAGYSGGDIYHSLSRARPRWFPLCLLLLSVGVGIYLLPNR,-1.946900079
CCN1CC2(CCC(C34C2C(C(C31)(C5(CC(C6CC4C5C6OC)OC)O)O)OC)OC)COC(=O)C7=C(C=CC(=C7)I)N8C(=O)CC(C8=O)C,MCGGRGGIWLALAAALLHVSLQGEFQRRLYKELVKNYNPLERPVANDSQPLTVYFSLSLLQIMDVDEKNQVLTTNIWLQMSWTDHYLQWNMSEYPGVKNVRFPDGQIWKPDILLYNSADERFDATFHTNVLVNASGHCQYLPPGIFKSSCYIDVRWFPFDVQQCKLKFGSWSYGGWSLDLQMQEADISSYIPNGEWDLMGIPGKRNEKFYECCKEPYPDVTYTVTMRRRTLYYGLNLLIPCVLISALALLVFLLPADSGEKISLGITVLLSLTVFMLLVAEIMPATSDSVPLIAQYFASTMIIVGLSVVVTVIVLRYHHHDPDGGKMPKWTRIILLNWCAWFLRMKRPGEDKVRPACQHKPRRCSLASVELSAGAGPPTSNGNLLYIGFRGLEGMHCAPTPDSGVVCGRLACSPTHDEHLMHGAHPSDGDPDLAKILEEVRYIANRFRCQDESEVICSEWKFAACVVDRLCLMAFSVFTIICTIGILMSAPNFVEAVSKDFA,-0.301029996
C1CC2C(CC1N2)C3=CN=C(C=C3)Cl,MANSGTGAPPPLLLLPLLLLLGTGLLPASSHIETRAHAEERLLKRLFSGYNKWSRPVANISDVVLVRFGLSIAQLIDVDEKNQMMTTNVWVKQEWHDYKLRWDPGDYENVTSIRIPSELIWRPDIVLYNNADGDFAVTHLTKAHLFYDGRVQWTPPAIYKSSCSIDVTFFPFDQQNCTMKFGSWTYDKAKIDLVSMHSRVDQLDFWESGEWVIVDAVGTYNTRKYECCAEIYPDITYAFIIRRLPLFYTINLIIPCLLISCLTVLVFYLPSECGEKVTLCISVLLSLTVFLLLITEIIPSPTSLVIPLIGEYLLFTMIFVTLSIVITVFVLNVHHRSPRTHTMPAWVRRVFLDIVPRLLFMKRPSVVKDNCRRLIESMHKMANAPRFWPEPVGEPGILSDICNQGLSPAPTFCNPTDTAVETQPTCRSPPLEVPDLKTSEVEKASPCPSPGSCPPPKSSSGAPMLIKARSLSVQHVPSSQEAAEDGIRCRSRSIQYCVSQDGAASLADSKPTSSPTSLKARPSQLPVSDQASPCKCTCKEPSPVSPVTVLKAGGTKAPPQHLPLSPALTRAVEGVQYIADHLKAEDTDFSVKEDWKYVAMVIDRIFLWMFIIVCLLGTVGLFLPPWLAAC,1.280545836
C1CC2C(CC1N2)C3=CN=C(C=C3)Cl,MRCSPGGVWLALAASLLHVSLQGEFQRKLYKELVKNYNPLERPVANDSQPLTVYFSLSLLQIMDVDEKNQVLTTNIWLQMSWTDHYLQWNVSEYPGVKTVRFPDGQIWKPDILLYNSADERFDATFHTNVLVNSSGHCQYLPPGIFKSSCYIDVRWFPFDVQHCKLKFGSWSYGGWSLDLQMQEADISGYIPNGEWDLVGIPGKRSERFYECCKEPYPDVTFTVTMRRRTLYYGLNLLIPCVLISALALLVFLLPADSGEKISLGITVLLSLTVFMLLVAEIMPATSDSVPLIAQYFASTMIIVGLSVVVTVIVLQYHHHDPDGGKMPKWTRVILLNWCAWFLRMKRPGEDKVRPACQHKQRRCSLASVEMSAVAPPPASNGNLLYIGFRGLDGVHCVPTPDSGVVCGRMACSPTHDEHLLHGGQPPEGDPDLAKILEEVRYIANRFRCQDESEAVCSEWKFAACVVDRLCLMAFSVFTIICTIGILMSAPNFVEAVSKDFA,-0.412323207
CC1=CC2=C(C=N1)C3CCC(N3)CC2,MRCSPGGVWLALAASLLHVSLQGEFQRKLYKELVKNYNPLERPVANDSQPLTVYFSLSLLQIMDVDEKNQVLTTNIWLQMSWTDHYLQWNVSEYPGVKTVRFPDGQIWKPDILLYNSADERFDATFHTNVLVNSSGHCQYLPPGIFKSSCYIDVRWFPFDVQHCKLKFGSWSYGGWSLDLQMQEADISGYIPNGEWDLVGIPGKRSERFYECCKEPYPDVTFTVTMRRRTLYYGLNLLIPCVLISALALLVFLLPADSGEKISLGITVLLSLTVFMLLVAEIMPATSDSVPLIAQYFASTMIIVGLSVVVTVIVLQYHHHDPDGGKMPKWTRVILLNWCAWFLRMKRPGEDKVRPACQHKQRRCSLASVEMSAVAPPPASNGNLLYIGFRGLDGVHCVPTPDSGVVCGRMACSPTHDEHLLHGGQPPEGDPDLAKILEEVRYIANRFRCQDESEAVCSEWKFAACVVDRLCLMAFSVFTIICTIGILMSAPNFVEAVSKDFA,-0.025305865
C1CC2C3=C(CCC1N2)C=CN=C3,MRCSPGGVWLALAASLLHVSLQGEFQRKLYKELVKNYNPLERPVANDSQPLTVYFSLSLLQIMDVDEKNQVLTTNIWLQMSWTDHYLQWNVSEYPGVKTVRFPDGQIWKPDILLYNSADERFDATFHTNVLVNSSGHCQYLPPGIFKSSCYIDVRWFPFDVQHCKLKFGSWSYGGWSLDLQMQEADISGYIPNGEWDLVGIPGKRSERFYECCKEPYPDVTFTVTMRRRTLYYGLNLLIPCVLISALALLVFLLPADSGEKISLGITVLLSLTVFMLLVAEIMPATSDSVPLIAQYFASTMIIVGLSVVVTVIVLQYHHHDPDGGKMPKWTRVILLNWCAWFLRMKRPGEDKVRPACQHKQRRCSLASVEMSAVAPPPASNGNLLYIGFRGLDGVHCVPTPDSGVVCGRMACSPTHDEHLLHGGQPPEGDPDLAKILEEVRYIANRFRCQDESEAVCSEWKFAACVVDRLCLMAFSVFTIICTIGILMSAPNFVEAVSKDFA,-0.025305865
C1CC(NC1)C2=CN=CC=C2,MRCSPGGVWLALAASLLHVSLQGEFQRKLYKELVKNYNPLERPVANDSQPLTVYFSLSLLQIMDVDEKNQVLTTNIWLQMSWTDHYLQWNVSEYPGVKTVRFPDGQIWKPDILLYNSADERFDATFHTNVLVNSSGHCQYLPPGIFKSSCYIDVRWFPFDVQHCKLKFGSWSYGGWSLDLQMQEADISGYIPNGEWDLVGIPGKRSERFYECCKEPYPDVTFTVTMRRRTLYYGLNLLIPCVLISALALLVFLLPADSGEKISLGITVLLSLTVFMLLVAEIMPATSDSVPLIAQYFASTMIIVGLSVVVTVIVLQYHHHDPDGGKMPKWTRVILLNWCAWFLRMKRPGEDKVRPACQHKQRRCSLASVEMSAVAPPPASNGNLLYIGFRGLDGVHCVPTPDSGVVCGRMACSPTHDEHLLHGGQPPEGDPDLAKILEEVRYIANRFRCQDESEAVCSEWKFAACVVDRLCLMAFSVFTIICTIGILMSAPNFVEAVSKDFA,-0.025305865
CN1CCCC1C2=CN=CC=C2,MRCSPGGVWLALAASLLHVSLQGEFQRKLYKELVKNYNPLERPVANDSQPLTVYFSLSLLQIMDVDEKNQVLTTNIWLQMSWTDHYLQWNVSEYPGVKTVRFPDGQIWKPDILLYNSADERFDATFHTNVLVNSSGHCQYLPPGIFKSSCYIDVRWFPFDVQHCKLKFGSWSYGGWSLDLQMQEADISGYIPNGEWDLVGIPGKRSERFYECCKEPYPDVTFTVTMRRRTLYYGLNLLIPCVLISALALLVFLLPADSGEKISLGITVLLSLTVFMLLVAEIMPATSDSVPLIAQYFASTMIIVGLSVVVTVIVLQYHHHDPDGGKMPKWTRVILLNWCAWFLRMKRPGEDKVRPACQHKQRRCSLASVEMSAVAPPPASNGNLLYIGFRGLDGVHCVPTPDSGVVCGRMACSPTHDEHLLHGGQPPEGDPDLAKILEEVRYIANRFRCQDESEAVCSEWKFAACVVDRLCLMAFSVFTIICTIGILMSAPNFVEAVSKDFA,-0.025305865
CN1CCCC1C2COC3=C(O2)C=C(C=C3)Br,MCGGRGGIWLALAAALLHVSLQGEFQRRLYKELVKNYNPLERPVANDSQPLTVYFSLSLLQIMDVDEKNQVLTTNIWLQMSWTDHYLQWNMSEYPGVKNVRFPDGQIWKPDILLYNSADERFDATFHTNVLVNASGHCQYLPPGIFKSSCYIDVRWFPFDVQQCKLKFGSWSYGGWSLDLQMQEADISSYIPNGEWDLMGIPGKRNEKFYECCKEPYPDVTYTVTMRRRTLYYGLNLLIPCVLISALALLVFLLPADSGEKISLGITVLLSLTVFMLLVAEIMPATSDSVPLIAQYFASTMIIVGLSVVVTVIVLRYHHHDPDGGKMPKWTRIILLNWCAWFLRMKRPGEDKVRPACQHKPRRCSLASVELSAGAGPPTSNGNLLYIGFRGLEGMHCAPTPDSGVVCGRLACSPTHDEHLMHGAHPSDGDPDLAKILEEVRYIANRFRCQDESEVICSEWKFAACVVDRLCLMAFSVFTIICTIGILMSAPNFVEAVSKDFA,0.522878745
C1=C(C(=NC(=O)N1C2C(C(C(O2)COP(=O)(O)OP(=O)(O)OP(=O)(O)O)O)O)N)[N+](=O)[O-],MGAQVSSQKVGAHENSNRAYGGSTINYTTINYYRDSASNAASKQDFSQDPSKFTEPIKDVLIKTAPMLNSPNIEACGYSDRVLQLTLGNSTITTQEAANSVVAYGRWPEYLRDSEANPVDQPTEPDVAACRFYTLDTVSWTKESRGWWWKLPDALRDMGLFGQNMYYHYLGRSGYTVHVQCNASKFHQGALGVFAVPEMCLAGDSNTTTMHTSYQNANPGEKGGTFTGTFTPDNNQTSPARRFCPVDYLLGNGTLLGNAFVFPHQIINLRTNNCATLVLPYVNSLSIDSMVKHNNWGIAILPLAPLNFASESSPEIPITLTIAPMCCEFNGLRNITLPRLQGLPVMNTPGSNQYLTADNFQSPCALPEFDVTPPIDIPGEVKNMMELAEIDTMIPFDLSATKKNTMEMYRVRLSDKPHTDDPILCLSLSPASDPRLSHTMLGEILNYYTHWAGSLKFTFLFCGFMMATGKLLVSYAPPGADPPKKRKEAMLGTHVIWDIGLQSSCTMVVPWISNTTYRQTIDDSFTEGGYISVFYQTRIVVPLSTPREMDILGFVSACNDFSVRLLRDTTHIEQKALAQGLGQMLESMIDNTVRETVGAATSRDALPNTEASGPTHSKEIPALTAVETGATNPLVPSDTVQTRHVVQHRSRSESSIESFFARGACVTIMTVDNPASTTNKDKLFAVWKITYKDTVQLRRKLEFFTYSRFDMELTFVVTANFTETNNGHALNQVYQIMYVPPGAPVPEKWDDYTWQTSSNPSIFYTYGTAPARISVPYVGISNAYSHFYDGFSKVPLKDQSAALGDSLYGAASLNDFGILAVRVVNDHNPTKVTSKIRVYLKPKHIRVWCPRPPRAVAYYGPGVDYKDGTLTPLSTKDLTTYGFGHQNKAVYTAGYKICNYHLATQDDLQNAVNVMWSRDLLVTESRAQGTDSIARCNCNAGVYYCESRRKYYPVSFVGPTFQYMEANNYYPARYQSHMLIGHGFASPGDCGGILRCHHGVIGIITAGGEGLVAFSDIRDLYAYEEEAMEQGITNYIESLGAAFGSGFTQQISDKITELTNMVTSTITEKLLKNLIKIISSLVIITRNYEDTTTVLATLALLGCDASPWQWLRKKACDVLEIPYVIKQGDSWLKKFTEACNAAKGLEWVSNKISKFIDWLKEKIIPQARDKLEFVTKLRQLEMLENQISTIHQSCPSQEHQEILFNNVRWLSIQSKRFAPLYAVEAKRIQKLEHTINNYIQFKSKHRIEPVCLLVHGSPGTGKSVATNLIARAIAERENTSTYSLPPDPSHFDGYKQQGVVIMDDLNQNPDGADMKLFCQMVSTVEFIPPMASLEEKGILFTSNYVLASTNSSRISPPTVAHSDALARRFAFDMDIQVMNEYSRDGKLNMAMATEMCKNCHQPANFKRCCPLVCGKAIQLMDKSSRVRYSIDQITTMIINERNRRSNIGNCMEALFQGPLQYKDLKIDIKTSPPPECINDLLQAVDSQEVRDYCEKKGWIVNITSQVQTERNINRAMTILQAVTTFAAVAGVVYVMYKLFAGHQGAYTGLPNKKPNVPTIRTAKVQGPGFDYAVAMAKRNIVTATTSKGEFTMLGVHDNVAILPTHASPGESIVIDGKEVEILDAKALEDQAGTNLEITIITLKRNEKFRDIRPHIPTQITETNDGVLIVNTSKYPNMYVPVGAVTEQGYLNLGGRQTARTLMYNFPTRAGQCGGVITCTGKVIGMHVGGNGSHGFAAALKRSYFTQSQGEIQWMRPSKEVGYPIINAPSKTKLEPSAFHYVFEGVKEPAVLTKNDPRLKTDFEEAIFSKYVGNKITEVDEYMKEAVDHYAGQLMSLDINTEQMCLEDAMYGTDGLEALDLSTSAGYPYVAMGKKKRDILNKQTRDTKEMQKLLDTYGINLPLVTYVKDELRSKTKVEQGKSRLIEASSLNDSVAMRMAFGNLYAAFHKNPGVITGSAVGCDPDLFWSKIPVLMEEKLFAFDYTGYDASLSPAWFEALKMVLEKIGFGDRVDYIDYLNHSHHLYKNKTYCVKGGMPSGCSGTSIFNSMINNLIIRTLLLKTYKGIDLDHLKMIAYGDDVIASYPHEVDASLLAQSGKDYGLTMTPADKSATFETVTWENVTFLKRFFRADEKYPFLIHPVMPMKEIHESIRWTKDPRNTQDHVRSLCLLAWHNGEEEYNKFLAKIRSVPIGRALLLPEYSTLYRRWLDSF,-3.033423755
C1CN2CCC1C3(C2)CNC(=O)O3,MRCSPGGVWLALAASLLHVSLQGEFQRKLYKELVKNYNPLERPVANDSQPLTVYFSLSLLQIMDVDEKNQVLTTNIWLQMSWTDHYLQWNVSEYPGVKTVRFPDGQIWKPDILLYNSADERFDATFHTNVLVNSSGHCQYLPPGIFKSSCYIDVRWFPFDVQHCKLKFGSWSYGGWSLDLQMQEADISGYIPNGEWDLVGIPGKRSERFYECCKEPYPDVTFTVTMRRRTLYYGLNLLIPCVLISALALLVFLLPADSGEKISLGITVLLSLTVFMLLVAEIMPATSDSVPLIAQYFASTMIIVGLSVVVTVIVLQYHHHDPDGGKMPKWTRVILLNWCAWFLRMKRPGEDKVRPACQHKQRRCSLASVEMSAVAPPPASNGNLLYIGFRGLDGVHCVPTPDSGVVCGRMACSPTHDEHLLHGGQPPEGDPDLAKILEEVRYIANRFRCQDESEAVCSEWKFAACVVDRLCLMAFSVFTIICTIGILMSAPNFVEAVSKDFA,-1.963787827
COC1=CC(=O)C=CC1=CC2=C(NCCC2)C3=C[NH+]=CC=C3,MRCSPGGVWLALAASLLHVSLQGEFQRKLYKELVKNYNPLERPVANDSQPLTVYFSLSLLQIMDVDEKNQVLTTNIWLQMSWTDHYLQWNVSEYPGVKTVRFPDGQIWKPDILLYNSADERFDATFHTNVLVNSSGHCQYLPPGIFKSSCYIDVRWFPFDVQHCKLKFGSWSYGGWSLDLQMQEADISGYIPNGEWDLVGIPGKRSERFYECCKEPYPDVTFTVTMRRRTLYYGLNLLIPCVLISALALLVFLLPADSGEKISLGITVLLSLTVFMLLVAEIMPATSDSVPLIAQYFASTMIIVGLSVVVTVIVLQYHHHDPDGGKMPKWTRVILLNWCAWFLRMKRPGEDKVRPACQHKQRRCSLASVEMSAVAPPPASNGNLLYIGFRGLDGVHCVPTPDSGVVCGRMACSPTHDEHLLHGGQPPEGDPDLAKILEEVRYIANRFRCQDESEAVCSEWKFAACVVDRLCLMAFSVFTIICTIGILMSAPNFVEAVSKDFA,-1.361727836
COC1=CC(=C(C=C1)C=C2CCCN=C2C3=CN=CC=C3)OC,MRCSPGGVWLALAASLLHVSLQGEFQRKLYKELVKNYNPLERPVANDSQPLTVYFSLSLLQIMDVDEKNQVLTTNIWLQMSWTDHYLQWNVSEYPGVKTVRFPDGQIWKPDILLYNSADERFDATFHTNVLVNSSGHCQYLPPGIFKSSCYIDVRWFPFDVQHCKLKFGSWSYGGWSLDLQMQEADISGYIPNGEWDLVGIPGKRSERFYECCKEPYPDVTFTVTMRRRTLYYGLNLLIPCVLISALALLVFLLPADSGEKISLGITVLLSLTVFMLLVAEIMPATSDSVPLIAQYFASTMIIVGLSVVVTVIVLQYHHHDPDGGKMPKWTRVILLNWCAWFLRMKRPGEDKVRPACQHKQRRCSLASVEMSAVAPPPASNGNLLYIGFRGLDGVHCVPTPDSGVVCGRMACSPTHDEHLLHGGQPPEGDPDLAKILEEVRYIANRFRCQDESEAVCSEWKFAACVVDRLCLMAFSVFTIICTIGILMSAPNFVEAVSKDFA,-2.198657087
CCN1CC2(CN3CCC2CC3)OC1=O,MRCSPGGVWLALAASLLHVSLQGEFQRKLYKELVKNYNPLERPVANDSQPLTVYFSLSLLQIMDVDEKNQVLTTNIWLQMSWTDHYLQWNVSEYPGVKTVRFPDGQIWKPDILLYNSADERFDATFHTNVLVNSSGHCQYLPPGIFKSSCYIDVRWFPFDVQHCKLKFGSWSYGGWSLDLQMQEADISGYIPNGEWDLVGIPGKRSERFYECCKEPYPDVTFTVTMRRRTLYYGLNLLIPCVLISALALLVFLLPADSGEKISLGITVLLSLTVFMLLVAEIMPATSDSVPLIAQYFASTMIIVGLSVVVTVIVLQYHHHDPDGGKMPKWTRVILLNWCAWFLRMKRPGEDKVRPACQHKQRRCSLASVEMSAVAPPPASNGNLLYIGFRGLDGVHCVPTPDSGVVCGRMACSPTHDEHLLHGGQPPEGDPDLAKILEEVRYIANRFRCQDESEAVCSEWKFAACVVDRLCLMAFSVFTIICTIGILMSAPNFVEAVSKDFA,-2.838849091
CN1CC2(CN3CCC2CC3)OC1=O,MRCSPGGVWLALAASLLHVSLQGEFQRKLYKELVKNYNPLERPVANDSQPLTVYFSLSLLQIMDVDEKNQVLTTNIWLQMSWTDHYLQWNVSEYPGVKTVRFPDGQIWKPDILLYNSADERFDATFHTNVLVNSSGHCQYLPPGIFKSSCYIDVRWFPFDVQHCKLKFGSWSYGGWSLDLQMQEADISGYIPNGEWDLVGIPGKRSERFYECCKEPYPDVTFTVTMRRRTLYYGLNLLIPCVLISALALLVFLLPADSGEKISLGITVLLSLTVFMLLVAEIMPATSDSVPLIAQYFASTMIIVGLSVVVTVIVLQYHHHDPDGGKMPKWTRVILLNWCAWFLRMKRPGEDKVRPACQHKQRRCSLASVEMSAVAPPPASNGNLLYIGFRGLDGVHCVPTPDSGVVCGRMACSPTHDEHLLHGGQPPEGDPDLAKILEEVRYIANRFRCQDESEAVCSEWKFAACVVDRLCLMAFSVFTIICTIGILMSAPNFVEAVSKDFA,-2.342422681
CC(C1=CC=CC=C1F)OC(=O)NC2CN3CCC2CC3,MRCSPGGVWLALAASLLHVSLQGEFQRKLYKELVKNYNPLERPVANDSQPLTVYFSLSLLQIMDVDEKNQVLTTNIWLQMSWTDHYLQWNVSEYPGVKTVRFPDGQIWKPDILLYNSADERFDATFHTNVLVNSSGHCQYLPPGIFKSSCYIDVRWFPFDVQHCKLKFGSWSYGGWSLDLQMQEADISGYIPNGEWDLVGIPGKRSERFYECCKEPYPDVTFTVTMRRRTLYYGLNLLIPCVLISALALLVFLLPADSGEKISLGITVLLSLTVFMLLVAEIMPATSDSVPLIAQYFASTMIIVGLSVVVTVIVLQYHHHDPDGGKMPKWTRVILLNWCAWFLRMKRPGEDKVRPACQHKQRRCSLASVEMSAVAPPPASNGNLLYIGFRGLDGVHCVPTPDSGVVCGRMACSPTHDEHLLHGGQPPEGDPDLAKILEEVRYIANRFRCQDESEAVCSEWKFAACVVDRLCLMAFSVFTIICTIGILMSAPNFVEAVSKDFA,-2.301029996
CCC1CC2CC3(C1N(C2)CCC4=C3NC5=C4C=C(C=C5)OC)C(=O)OC,MSFEGARLSMRSRRNGTMGSTRTLYSSVSRSTDVSYSDSDLVNFIQANFKKRECVFFTRDSKAMENICKCGYAQSQHIEGTQINQNEKWNYKKHTKEFPTDAFGDIQFETLGKKGKYLRLSCDTDSETLYELLTQHWHLKTPNLVISVTGGAKNFALKPRMRKIFSRLIYIAQSKGAWILTGGTHYGLMKYIGEVVRDNTISRNSEENIVAIGIAAWGMVSNRDTLIRSCDDEGHFSAQYIMDDFTRDPLYILDNNHTHLLLVDNGCHGHPTVEAKLRNQLEKYISERTSQDSNYGGKIPIVCFAQGGGRETLKAINTSVKSKIPCVVVEGSGQIADVIASLVEVEDVLTSSMVKEKLVRFLPRTVSRLPEEEIESWIKWLKEILESSHLLTVIKMEEAGDEIVSNAISYALYKAFSTNEQDKDNWNGQLKLLLEWNQLDLASDEIFTNDRRWESADLQEVMFTALIKDRPKFVRLFLENGLNLQKFLTNEVLTELFSTHFSTLVYRNLQIAKNSYNDALLTFVWKLVANFRRSFWKEDRSSREDLDVELHDASLTTRHPLQALFIWAILQNKKELSKVIWEQTKGCTLAALGASKLLKTLAKVKNDINAAGESEELANEYETRAVELFTECYSNDEDLAEQLLVYSCEAWGGSNCLELAVEATDQHFIAQPGVQNFLSKQWYGEISRDTKNWKIILCLFIIPLVGCGLVSFRKKPIDKHKKLLWYYVAFFTSPFVVFSWNVVFYIAFLLLFAYVLLMDFHSVPHTPELILYALVFVLFCDEVRQWYMNGVNYFTDLWNVMDTLGLFYFIAGIVFRLHSSNKSSLYSGRVIFCLDYIIFTLRLIHIFTVSRNLGPKIIMLQRMLIDVFFFLFLFAVWMVAFGVARQGILRQNEQRWRWIFRSVIYEPYLAMFGQVPSDVDSTTYDFSHCTFSGNESKPLCVELDEHNLPRFPEWITIPLVCIYMLSTNILLVNLLVAMFGYTVGIVQENNDQVWKFQRYFLVQEYCNRLNIPFPFVVFAYFYMVVKKCFKCCCKEKNMESNACCFRNEDNETLAWEGVMKENYLVKINTKANDNSEEMRHRFRQLDSKLNDLKSLLKEIANNIK,-3.899984563
CCC(CC)(C12CC3CC(C1)CC(C3)C2)N,MSLLTEVETPIRNEWGCRCNDSSDPLVVAASIIGILHLILWILDRLFFKCIYRFFEHGLKRGPSTEGVPESMREEYRKEQQSAVDADDSHFVSIELE,-3.661812686
CC(C12CC3CC(C1)CC(C3)C2)N,MSLLTEVETPIRNEWGCRCNDSSDPLVVAASIIGILHLILWILDRLFFKCIYRFFEHGLKRGPSTEGVPESMREEYRKEQQSAVDADDSHFVSIELE,-3.005149978
CC(C12CC3CC(C1)CC(C3)C2)N,MSLLTEVETPIRNEWGCRCNDSSDPLVVAASIIGILHLILWILDRLFFKCIYRFFEHGLKRGPSTEGVPESMREEYRKEQQSAVDADDSHFVSIELE,-3.061271762
CCCC(CCC)(C12CC3CC(C1)CC(C3)C2)N,MSLLTEVETPIRNEWGCRCNDSSDPLVVAASIIGILHLILWILDRLFFKCIYRFFEHGLKRGPSTEGVPESMREEYRKEQQSAVDADDSHFVSIELE,-4.911683099
CC(C)(C12CC3CC(C1)CC(C3)C2)N,MSLLTEVETPIRNEWGCRCNDSSDPLVVAASIIGILHLILWILDRLFFKCIYRFFEHGLKRGPSTEGVPESMREEYRKEQQSAVDADDSHFVSIELE,-3.958423225
C1C2CC3CC1CC(C2)(C3)N,MSLLTEVETPIRNEWGCRCNDSSDPLVVAASIIGILHLILWILDRLFFKCIYRFFEHGLKRGPSTEGVPESMREEYRKEQQSAVDADDSHFVSIELE,-4.173025696
CC(C12CC3CC(C1)CC(C3)C2)N,MSLLTEVETPIRNEWGCRCNDSSDPLVVAASIIGILHLILWILDRLFFKCIYRFFEHGLKRGPSTEGVPESMREEYRKEQQSAVDADDSHFVSIELE,-3.276334108
C1CCNC2(C1)C3CC4CC(C3)CC2C4,MSLLTEVETPTRNGWECSCSDSSDPLVIAASIIGILHFILWILDRLFFKCIYRRLKYGLKRGPSTEGVPKSMREEYRQEQQNAVDVDDGHFVNIELE,-2.591064607
CC1CCC2(N1)C3CC4CC(C3)CC2C4,MSLLTEVETPTRNGWECSCSDSSDPLVIAASIIGILHFILWILDRLFFKCIYRRLKYGLKRGPSTEGVPKSMREEYRQEQQNAVDVDDGHFVNIELE,-3.176091259
C1CC2(C3CC4CC(C3)CC2C4)NC1,MSLLTEVETPTRNGWECSCSDSSDPLVIAASIIGILHFILWILDRLFFKCIYRRLKYGLKRGPSTEGVPKSMREEYRQEQQNAVDVDDGHFVNIELE,-3.064457989
CC1(C2CC3CC(C2)CC1C3)N,MSLLTEVETPTRNGWECSCSDSSDPLVIAASIIGILHFILWILDRLFFKCIYRRLKYGLKRGPSTEGVPKSMREEYRQEQQNAVDVDDGHFVNIELE,-3.556302501
C1CCNC(C1)C23CC4CC(C2)CC(C4)C3,MSLLTEVETPTRNGWECSCSDSSDPLVIAASIIGILHFILWILDRLFFKCIYRRLKYGLKRGPSTEGVPKSMREEYRQEQQNAVDVDDGHFVNIELE,-3.178976947
CC(C12CC3CC(C1)CC(C3)C2)N,MSLLTEVETPTRNGWECSCSDSSDPLVIAASIIGILHFILWILDRLFFKCIYRRLKYGLKRGPSTEGVPKSMREEYRQEQQNAVDVDDGHFVNIELE,-1.204119983
C1C2CC3(CC1CC(C2)(C3)F)N,MSLLTEVETPTRNGWECSCSDSSDPLVIAASIIGILHFILWILDRLFFKCIYRRLKYGLKRGPSTEGVPKSMREEYRQEQQNAVDVDDGHFVNIELE,-3.686636269
C1C2CC3CC1CC(C2)(C3)N,MSLLTEVETPTRNGWECSCSDSSDPLVIAASIIGILHFILWILDRLFFKCIYRRLKYGLKRGPSTEGVPKSMREEYRQEQQNAVDVDDGHFVNIELE,-2.505149978
C1CCCC(CCC1)N,MSLLTEVETPTRNGWECSCSDSSDPLVIAASIIGILHFILWILDRLFFKCIYRRLKYGLKRGPSTEGVPKSMREEYRQEQQNAVDVDDGHFVNIELE,-3.26245109
C1CCCC(CC1)N,MSLLTEVETPTRNGWECSCSDSSDPLVIAASIIGILHFILWILDRLFFKCIYRRLKYGLKRGPSTEGVPKSMREEYRQEQQNAVDVDDGHFVNIELE,-4.209515015
CCC1(C2CC3CC(C2)CC1C3)N,MSLLTEVETPTRNGWECSCSDSSDPLVIAASIIGILHFILWILDRLFFKCIYRRLKYGLKRGPSTEGVPKSMREEYRQEQQNAVDVDDGHFVNIELE,-3.826074803
C1CC2(C3CC4CC(C3)CC2C4)NC1=O,MSLLTEVETPTRNGWECSCSDSSDPLVIAASIIGILHFILWILDRLFFKCIYRRLKYGLKRGPSTEGVPKSMREEYRQEQQNAVDVDDGHFVNIELE,-3.173186268
CCC1CCC2(N1)C3CC4CC(C3)CC2C4,MSLLTEVETPTRNGWECSCSDSSDPLVIAASIIGILHFILWILDRLFFKCIYRRLKYGLKRGPSTEGVPKSMREEYRQEQQNAVDVDDGHFVNIELE,-3.746634199
CCCC1(C2CC3CC(C2)CC1C3)N,MSLLTEVETPTRNGWECSCSDSSDPLVIAASIIGILHFILWILDRLFFKCIYRRLKYGLKRGPSTEGVPKSMREEYRQEQQNAVDVDDGHFVNIELE,-3.940018155
C1CC(NC1)C23CC4CC(C2)CC(C4)C3,MSLLTEVETPTRNGWECSCSDSSDPLVIAASIIGILHFILWILDRLFFKCIYRRLKYGLKRGPSTEGVPKSMREEYRQEQQNAVDVDDGHFVNIELE,-2.707570176
C1C2CC3CC1CC(C2)C3N,MSLLTEVETPTRNGWECSCSDSSDPLVIAASIIGILHFILWILDRLFFKCIYRRLKYGLKRGPSTEGVPKSMREEYRQEQQNAVDVDDGHFVNIELE,-3.372912003
CN1CCCC12C3CC4CC(C3)CC2C4,MSLLTEVETPTRNGWECSCSDSSDPLVIAASIIGILHFILWILDRLFFKCIYRRLKYGLKRGPSTEGVPKSMREEYRQEQQNAVDVDDGHFVNIELE,-3.46686762
C1CN2CCC1C(C2)N3C=C(N=N3)C4=CC5=C(C=C4)NC=C5,MCGGRGGIWLALAAALLHVSLQGEFQRRLYKELVKNYNPLERPVANDSQPLTVYFSLSLLQIMDVDEKNQVLTTNIWLQMSWTDHYLQWNMSEYPGVKNVRFPDGQIWKPDILLYNSADERFDATFHTNVLVNASGHCQYLPPGIFKSSCYIDVRWFPFDVQQCKLKFGSWSYGGWSLDLQMQEADISSYIPNGEWDLMGIPGKRNEKFYECCKEPYPDVTYTVTMRRRTLYYGLNLLIPCVLISALALLVFLLPADSGEKISLGITVLLSLTVFMLLVAEIMPATSDSVPLIAQYFASTMIIVGLSVVVTVIVLRYHHHDPDGGKMPKWTRIILLNWCAWFLRMKRPGEDKVRPACQHKPRRCSLASVELSAGAGPPTSNGNLLYIGFRGLEGMHCAPTPDSGVVCGRLACSPTHDEHLMHGAHPSDGDPDLAKILEEVRYIANRFRCQDESEVICSEWKFAACVVDRLCLMAFSVFTIICTIGILMSAPNFVEAVSKDFA,-2.079181246
CC1C(=O)NC(C(=O)NC(C(=O)NC(C(=O)NC(CSSCC2C(=O)NC(C(=O)NC(C(=O)N3CCCC3C(=O)N4CCCC4C(=O)NC(CSSCC(C(=O)N2)NC(=O)CN)C(=O)N1)CC(=O)N)CO)C(=O)N)CC5=CN=CN5)CCC(=O)O)CC6=CN=CN6,MCGGRGGIWLALAAALLHVSLQGEFQRRLYKELVKNYNPLERPVANDSQPLTVYFSLSLLQIMDVDEKNQVLTTNIWLQMSWTDHYLQWNMSEYPGVKNVRFPDGQIWKPDILLYNSADERFDATFHTNVLVNASGHCQYLPPGIFKSSCYIDVRWFPFDVQQCKLKFGSWSYGGWSLDLQMQEADISSYIPNGEWDLMGIPGKRNEKFYECCKEPYPDVTYTVTMRRRTLYYGLNLLIPCVLISALALLVFLLPADSGEKISLGITVLLSLTVFMLLVAEIMPATSDSVPLIAQYFASTMIIVGLSVVVTVIVLRYHHHDPDGGKMPKWTRIILLNWCAWFLRMKRPGEDKVRPACQHKPRRCSLASVELSAGAGPPTSNGNLLYIGFRGLEGMHCAPTPDSGVVCGRLACSPTHDEHLMHGAHPSDGDPDLAKILEEVRYIANRFRCQDESEVICSEWKFAACVVDRLCLMAFSVFTIICTIGILMSAPNFVEAVSKDFA,-1.643452676
